domain,system,metric,n,mean,std
bible,chatgpt,bertscore_f1,40,0.2015281404368579,0.1628090949912041
bible,gemini,bertscore_f1,40,0.4170306565705687,0.201041939755603
bible,google_translate,bertscore_f1,40,0.5159417231567204,0.21483321491576077
bible,microsoft_translate,bertscore_f1,40,0.4177039139904082,0.17018482542165977
bible,chatgpt,bleu,40,0.0567462037128161,0.06800767158646856
bible,gemini,bleu,40,0.22085700972192898,0.21232615052655787
bible,google_translate,bleu,40,0.36757124323002477,0.2850107752230942
bible,microsoft_translate,bleu,40,0.19705041503166038,0.1487673186437652
bible,chatgpt,bleurt,40,0.3682154633104801,0.06619785214045239
bible,gemini,bleurt,40,0.4886879600584507,0.11610689865700627
bible,google_translate,bleurt,40,0.529149854183197,0.11916421193511947
bible,microsoft_translate,bleurt,40,0.4665230967104435,0.08911727051957577
bible,chatgpt,chrf,40,0.29819308761875096,0.09398122145469925
bible,gemini,chrf,40,0.5121430117942811,0.1629996098335924
bible,google_translate,chrf,40,0.6235964163041348,0.16862865968913285
bible,microsoft_translate,chrf,40,0.5029495779890036,0.11375174636581345
bible,chatgpt,comet,40,0.5711202427744866,0.10259426148242555
bible,gemini,comet,40,0.663784009963274,0.08326715214769435
bible,google_translate,comet,40,0.7068657979369164,0.07139498512594115
bible,microsoft_translate,comet,40,0.6645574904978275,0.08208555069932752
bible,chatgpt,edit_dist,40,82.75,26.525991124333228
bible,gemini,edit_dist,40,60.05,27.60058527807531
bible,google_translate,edit_dist,40,45.35,27.36603734558586
bible,microsoft_translate,edit_dist,40,60.45,24.921363505521906
bible,chatgpt,exact_match,40,0.0,0.0
bible,gemini,exact_match,40,0.0,0.0
bible,google_translate,exact_match,40,0.05,0.22072142786315224
bible,microsoft_translate,exact_match,40,0.0,0.0
bible,chatgpt,len_ratio,40,0.9963845366583264,0.22190008994555108
bible,gemini,len_ratio,40,0.9766666446641568,0.17582058836225625
bible,google_translate,len_ratio,40,0.9944124903270174,0.16245917399860016
bible,microsoft_translate,len_ratio,40,0.9708212405227954,0.1704350364985662
bible,chatgpt,llm_adequacy,40,2.125,0.9111137169026737
bible,gemini,llm_adequacy,40,3.825,0.9026314805852884
bible,google_translate,llm_adequacy,40,3.8,0.9114654303752999
bible,microsoft_translate,llm_adequacy,40,3.475,0.7156671622894873
bible,chatgpt,llm_error_tags,0,,
bible,gemini,llm_error_tags,0,,
bible,google_translate,llm_error_tags,0,,
bible,microsoft_translate,llm_error_tags,0,,
bible,chatgpt,llm_fluency,40,3.075,0.9167249398727053
bible,gemini,llm_fluency,40,4.25,0.5883484054145521
bible,google_translate,llm_fluency,40,4.125,0.6071159226949525
bible,microsoft_translate,llm_fluency,40,3.975,0.47971679679598983
bible,chatgpt,llm_overall,40,2.125,0.9111137169026737
bible,gemini,llm_overall,40,3.825,0.873762861685903
bible,google_translate,llm_overall,40,3.75,0.8987170342729172
bible,microsoft_translate,llm_overall,40,3.425,0.7120753345337008
bible,chatgpt,llm_rationale,0,,
bible,gemini,llm_rationale,0,,
bible,google_translate,llm_rationale,0,,
bible,microsoft_translate,llm_rationale,0,,
bible,chatgpt,llm_terminology,40,2.525,0.9604352645732545
bible,gemini,llm_terminology,40,4.275,0.7840558588159326
bible,google_translate,llm_terminology,40,4.275,0.6788942744621109
bible,microsoft_translate,llm_terminology,40,3.85,0.8335897041541448
bible,chatgpt,meteor,40,0.2418051239549453,0.13597497863657676
bible,gemini,meteor,40,0.4926544114183864,0.20772843814998448
bible,google_translate,meteor,40,0.6121597509489776,0.2122598464738016
bible,microsoft_translate,meteor,40,0.48598596242823,0.15381041757620015
bible,chatgpt,rouge1_f1,40,0.34147165245434674,0.12781613654989138
bible,gemini,rouge1_f1,40,0.573573292039302,0.1744026009435187
bible,google_translate,rouge1_f1,40,0.6794236286564297,0.16945972742008888
bible,microsoft_translate,rouge1_f1,40,0.5707005826829981,0.11492322917203333
bible,chatgpt,rouge1_p,40,0.35184646361613636,0.13303174753297833
bible,gemini,rouge1_p,40,0.5899073437290614,0.18405115618289025
bible,google_translate,rouge1_p,40,0.6906408459655774,0.18633867691350336
bible,microsoft_translate,rouge1_p,40,0.5885964427190856,0.1322134290674862
bible,chatgpt,rouge1_r,40,0.3385714555410801,0.13206876694809555
bible,gemini,rouge1_r,40,0.5670193147000432,0.17928485320149093
bible,google_translate,rouge1_r,40,0.6776374179724415,0.17100647399712082
bible,microsoft_translate,rouge1_r,40,0.5616441821846295,0.11703312225732988
bible,chatgpt,rouge2_f1,40,0.10429626020458949,0.09818971173448984
bible,gemini,rouge2_f1,40,0.31870649963221387,0.22356120533811197
bible,google_translate,rouge2_f1,40,0.47329597046143757,0.25534054636323256
bible,microsoft_translate,rouge2_f1,40,0.301552210077257,0.14322328409254337
bible,chatgpt,rouge2_p,40,0.1070885021100795,0.10028233535846923
bible,gemini,rouge2_p,40,0.3296885380548474,0.22977986523670993
bible,google_translate,rouge2_p,40,0.48562983163083207,0.27103736442298154
bible,microsoft_translate,rouge2_p,40,0.31293375912686244,0.1534075466206179
bible,chatgpt,rouge2_r,40,0.10353941995042945,0.09868439533793841
bible,gemini,rouge2_r,40,0.31384456644306546,0.22507104339708647
bible,google_translate,rouge2_r,40,0.46891276119667646,0.25076483927680965
bible,microsoft_translate,rouge2_r,40,0.2949320210918303,0.13893540222080888
bible,chatgpt,rougeL_f1,40,0.2924106898012211,0.12005756213217791
bible,gemini,rougeL_f1,40,0.5202772039398027,0.18180533249916891
bible,google_translate,rougeL_f1,40,0.6384473921426261,0.18903095910975276
bible,microsoft_translate,rougeL_f1,40,0.5150272539246885,0.11497291848145702
bible,chatgpt,rougeL_p,40,0.3019638953675473,0.12540184324247378
bible,gemini,rougeL_p,40,0.5351247202890537,0.19173488545146516
bible,google_translate,rougeL_p,40,0.6496891085328901,0.2057499793144528
bible,microsoft_translate,rougeL_p,40,0.5309618155562813,0.12939284545223492
bible,chatgpt,rougeL_r,40,0.2891766826708039,0.12205542249391306
bible,gemini,rougeL_r,40,0.5142750457915534,0.18429952771480063
bible,google_translate,rougeL_r,40,0.636337912832911,0.18907934305138355
bible,microsoft_translate,rougeL_r,40,0.5068899209934896,0.11565291197169852
bible,chatgpt,ter,40,0.891203849357281,0.18045414667200127
bible,gemini,ter,40,0.6554849891478196,0.22132979593877392
bible,google_translate,ter,40,0.5254163385516218,0.2495632102593788
bible,microsoft_translate,ter,40,0.667502064678318,0.1621244859829028
conversational,chatgpt,bertscore_f1,78,0.25809498684098703,0.25957121619699147
conversational,gemini,bertscore_f1,78,0.468573960606964,0.2682230307328308
conversational,google_translate,bertscore_f1,78,0.5278806507539673,0.2723255712051945
conversational,microsoft_translate,bertscore_f1,78,0.49333445441264373,0.24455251291197558
conversational,chatgpt,bleu,78,0.07011116012508027,0.08556065233077312
conversational,gemini,bleu,78,0.2045610531308428,0.22426827987335635
conversational,google_translate,bleu,78,0.1836950366221182,0.20827837204612254
conversational,microsoft_translate,bleu,78,0.2228427295327451,0.2651712120813443
conversational,chatgpt,bleurt,78,0.4495605301971619,0.1443132057096828
conversational,gemini,bleurt,78,0.6292989456500763,0.15785617963527696
conversational,google_translate,bleurt,78,0.6381630425651869,0.1821842875894309
conversational,microsoft_translate,bleurt,78,0.6185780465602875,0.17556319542201973
conversational,chatgpt,chrf,78,0.26178465346561336,0.1554356554994139
conversational,gemini,chrf,78,0.543452745140793,0.24283081476359944
conversational,google_translate,chrf,78,0.549657866807646,0.24336531105865464
conversational,microsoft_translate,chrf,78,0.5351522622522856,0.2505829685839227
conversational,chatgpt,comet,78,0.5873653724407538,0.13044199634669928
conversational,gemini,comet,78,0.7501150732621168,0.12189253379791098
conversational,google_translate,comet,78,0.75368255453232,0.1417960838622947
conversational,microsoft_translate,comet,78,0.7429839219802465,0.13751949128792085
conversational,chatgpt,edit_dist,78,19.78205128205128,9.923928102538278
conversational,gemini,edit_dist,78,14.166666666666666,11.476024320257178
conversational,google_translate,edit_dist,78,13.102564102564102,10.424234680045757
conversational,microsoft_translate,edit_dist,78,13.217948717948717,10.67299959771949
conversational,chatgpt,exact_match,78,0.0,0.0
conversational,gemini,exact_match,78,0.05128205128205128,0.22200011100008327
conversational,google_translate,exact_match,78,0.038461538461538464,0.19355241528469097
conversational,microsoft_translate,exact_match,78,0.07692307692307693,0.2681940937606045
conversational,chatgpt,len_ratio,78,1.1017380767380767,0.28911442835668333
conversational,gemini,len_ratio,78,1.1128154253154254,0.34547740981352293
conversational,google_translate,len_ratio,78,1.094438431938432,0.2817483171279207
conversational,microsoft_translate,len_ratio,78,1.0452450327450329,0.29399285321216256
conversational,chatgpt,llm_adequacy,78,1.6923076923076923,0.7439398856403341
conversational,gemini,llm_adequacy,78,3.371794871794872,1.1964121076794278
conversational,google_translate,llm_adequacy,78,3.230769230769231,1.183469222497738
conversational,microsoft_translate,llm_adequacy,78,3.2564102564102564,1.342955622323316
conversational,chatgpt,llm_error_tags,0,,
conversational,gemini,llm_error_tags,0,,
conversational,google_translate,llm_error_tags,0,,
conversational,microsoft_translate,llm_error_tags,0,,
conversational,chatgpt,llm_fluency,78,2.717948717948718,0.8958408354896548
conversational,gemini,llm_fluency,78,4.076923076923077,0.8338493241016001
conversational,google_translate,llm_fluency,78,3.923076923076923,0.8338493241016004
conversational,microsoft_translate,llm_fluency,78,3.858974358974359,1.0157763197680538
conversational,chatgpt,llm_overall,78,1.7307692307692308,0.7327776176733548
conversational,gemini,llm_overall,78,3.371794871794872,1.1745015451049348
conversational,google_translate,llm_overall,78,3.2435897435897436,1.1530411222084966
conversational,microsoft_translate,llm_overall,78,3.2435897435897436,1.3012072060744948
conversational,chatgpt,llm_rationale,0,,
conversational,gemini,llm_rationale,0,,
conversational,google_translate,llm_rationale,0,,
conversational,microsoft_translate,llm_rationale,0,,
conversational,chatgpt,llm_terminology,78,2.1666666666666665,1.061934850970448
conversational,gemini,llm_terminology,78,3.9358974358974357,1.0486818391359696
conversational,google_translate,llm_terminology,78,3.717948717948718,1.1269708381600965
conversational,microsoft_translate,llm_terminology,78,3.641025641025641,1.268748836343746
conversational,chatgpt,meteor,78,0.2259347876969825,0.19671768104429138
conversational,gemini,meteor,78,0.5111312033037723,0.2881411471110735
conversational,google_translate,meteor,78,0.4950975547509523,0.2553491756770747
conversational,microsoft_translate,meteor,78,0.5067834632126357,0.28636260584880413
conversational,chatgpt,rouge1_f1,78,0.3184516658502442,0.19341759207274598
conversational,gemini,rouge1_f1,78,0.5729757412873672,0.24979401167731022
conversational,google_translate,rouge1_f1,78,0.5699938635143446,0.22114289727267955
conversational,microsoft_translate,rouge1_f1,78,0.5808039964337098,0.23303342854531064
conversational,chatgpt,rouge1_p,78,0.31894448144448145,0.20521368361867584
conversational,gemini,rouge1_p,78,0.5672994258967109,0.25834910474173656
conversational,google_translate,rouge1_p,78,0.5627798483567714,0.22881179491265136
conversational,microsoft_translate,rouge1_p,78,0.5811735984812908,0.2390587578235702
conversational,chatgpt,rouge1_r,78,0.33273855773855776,0.20750736560432864
conversational,gemini,rouge1_r,78,0.6036708661708661,0.26815458536360665
conversational,google_translate,rouge1_r,78,0.5954152329152329,0.22901645644394203
conversational,microsoft_translate,rouge1_r,78,0.5972004847004847,0.24279105032621157
conversational,chatgpt,rouge2_f1,78,0.08006925146422644,0.14477239321380597
conversational,gemini,rouge2_f1,78,0.33529137910240553,0.3109052379671606
conversational,google_translate,rouge2_f1,78,0.29655318568607963,0.2697466248774408
conversational,microsoft_translate,rouge2_f1,78,0.32278616420316825,0.29545005266033175
conversational,chatgpt,rouge2_p,78,0.07651700151700151,0.13812729575691435
conversational,gemini,rouge2_p,78,0.33206376956376954,0.3188648370584266
conversational,google_translate,rouge2_p,78,0.2881078323386016,0.27044977545173804
conversational,microsoft_translate,rouge2_p,78,0.31835571835571835,0.29576452671498055
conversational,chatgpt,rouge2_r,78,0.08619759869759869,0.15666261486186622
conversational,gemini,rouge2_r,78,0.35570309320309323,0.32271556676357155
conversational,google_translate,rouge2_r,78,0.3119255744255744,0.27427645245799326
conversational,microsoft_translate,rouge2_r,78,0.3333643208643209,0.2990880479617141
conversational,chatgpt,rougeL_f1,78,0.3068158432832475,0.19405492837216903
conversational,gemini,rougeL_f1,78,0.5587102347141683,0.24932696055694206
conversational,google_translate,rougeL_f1,78,0.5436897073316459,0.22269609188856385
conversational,microsoft_translate,rougeL_f1,78,0.5581972730916923,0.23633183138978187
conversational,chatgpt,rougeL_p,78,0.3072839197839198,0.20611793508535448
conversational,gemini,rougeL_p,78,0.5536186622159472,0.2586920257871314
conversational,google_translate,rougeL_p,78,0.5376313857083088,0.2307265097366353
conversational,microsoft_translate,rougeL_p,78,0.5584332334332334,0.24288118604074566
conversational,chatgpt,rougeL_r,78,0.3209151959151959,0.20822390845771474
conversational,gemini,rougeL_r,78,0.5886724386724387,0.26779923604662836
conversational,google_translate,rougeL_r,78,0.5673460798460799,0.22959942795650284
conversational,microsoft_translate,rougeL_r,78,0.5742854367854368,0.24525689524134117
conversational,chatgpt,ter,78,0.8880642505642506,0.2971693972048842
conversational,gemini,ter,78,0.687026862026862,0.4015247864043723
conversational,google_translate,ter,78,0.6418169793169793,0.34694445461378587
conversational,microsoft_translate,ter,78,0.6195637695637696,0.36277921449953654
definition,chatgpt,bertscore_f1,80,-0.14581167507567444,0.32393119963235495
definition,gemini,bertscore_f1,79,0.17727337396833337,0.5392324797938914
definition,google_translate,bertscore_f1,80,0.0428247143077897,0.510492645890836
definition,microsoft_translate,bertscore_f1,80,0.013745224894955763,0.46723233277706183
definition,chatgpt,bleu,80,0.015852948832138947,0.06943870499805864
definition,gemini,bleu,80,0.08445433006864937,0.10333401303120605
definition,google_translate,bleu,80,0.06331969232201475,0.09813341708705013
definition,microsoft_translate,bleu,80,0.06253969773391001,0.09984702546442811
definition,chatgpt,bleurt,80,0.17500530015677213,0.1622674600037337
definition,gemini,bleurt,79,0.43277760859154446,0.338608999186413
definition,google_translate,bleurt,80,0.3386399164795875,0.30482426278344377
definition,microsoft_translate,bleurt,80,0.3542528141289949,0.3065178965063164
definition,chatgpt,chrf,80,0.14566459420345762,0.18036314853236035
definition,gemini,chrf,80,0.4490712977261174,0.3955846482537766
definition,google_translate,chrf,80,0.33510737113459144,0.3383481655532741
definition,microsoft_translate,chrf,80,0.3670922156431712,0.3501709475285881
definition,chatgpt,comet,80,0.5574005614966154,0.13368193269311554
definition,gemini,comet,79,0.7131439771833299,0.19924633785305768
definition,google_translate,comet,80,0.6460144143551588,0.19122761334241511
definition,microsoft_translate,comet,80,0.6344148688018322,0.1933618763979002
definition,chatgpt,edit_dist,80,11.85,6.955737091136544
definition,gemini,edit_dist,80,7.75,7.767996662711611
definition,google_translate,edit_dist,80,11.225,8.729369893307146
definition,microsoft_translate,edit_dist,80,10.7625,8.280285798895614
definition,chatgpt,exact_match,80,0.0125,0.11180339887498951
definition,gemini,exact_match,80,0.25,0.43574467033059505
definition,google_translate,exact_match,80,0.1375,0.3465471637582117
definition,microsoft_translate,exact_match,80,0.125,0.3328054892439218
definition,chatgpt,len_ratio,80,2.183333333333333,1.6129748180653907
definition,gemini,len_ratio,80,1.60625,1.3115959481040578
definition,google_translate,len_ratio,80,1.9833333333333332,1.5991822804936047
definition,microsoft_translate,len_ratio,80,1.8833333333333333,1.4525790633567561
definition,chatgpt,llm_adequacy,80,1.5625,0.9392125708084177
definition,gemini,llm_adequacy,79,2.7848101265822787,1.5825238368679038
definition,google_translate,llm_adequacy,80,2.4625,1.3682081972002933
definition,microsoft_translate,llm_adequacy,80,2.3875,1.400666658633522
definition,chatgpt,llm_error_tags,0,,
definition,gemini,llm_error_tags,0,,
definition,google_translate,llm_error_tags,0,,
definition,microsoft_translate,llm_error_tags,0,,
definition,chatgpt,llm_fluency,80,2.5625,1.0168672417487803
definition,gemini,llm_fluency,79,3.569620253164557,1.1948988188448668
definition,google_translate,llm_fluency,80,3.375,1.0951561937037084
definition,microsoft_translate,llm_fluency,80,3.175,1.1988918934382276
definition,chatgpt,llm_overall,80,1.5625,0.9392125708084176
definition,gemini,llm_overall,79,2.810126582278481,1.5776967093989982
definition,google_translate,llm_overall,80,2.4625,1.3401657747448517
definition,microsoft_translate,llm_overall,80,2.4,1.3925661586901765
definition,chatgpt,llm_rationale,0,,
definition,gemini,llm_rationale,0,,
definition,google_translate,llm_rationale,0,,
definition,microsoft_translate,llm_rationale,0,,
definition,chatgpt,llm_terminology,80,1.675,0.9907802832213873
definition,gemini,llm_terminology,79,3.037974683544304,1.5478938376659406
definition,google_translate,llm_terminology,80,2.7625,1.3893241230855171
definition,microsoft_translate,llm_terminology,80,2.625,1.5209507353101566
definition,chatgpt,meteor,80,0.042702777242250925,0.14744743772671678
definition,gemini,meteor,80,0.25194413232533985,0.2647231432178195
definition,google_translate,meteor,80,0.1991239602259339,0.25669589777149704
definition,microsoft_translate,meteor,80,0.21535421635363045,0.2716344011657302
definition,chatgpt,rouge1_f1,80,0.0625,0.204339352614035
definition,gemini,rouge1_f1,79,0.3975587703435805,0.4441617213033284
definition,google_translate,rouge1_f1,80,0.2758333333333333,0.37756995607431193
definition,microsoft_translate,rouge1_f1,80,0.2747420634920635,0.38068708478432334
definition,chatgpt,rouge1_p,80,0.06541666666666666,0.22777859249965776
definition,gemini,rouge1_p,79,0.38682941531042797,0.4475388043191914
definition,google_translate,rouge1_p,80,0.25979166666666664,0.3798335351391647
definition,microsoft_translate,rouge1_p,80,0.25958333333333333,0.38165358443114616
definition,chatgpt,rouge1_r,80,0.08125,0.25709858720791096
definition,gemini,rouge1_r,79,0.44936708860759494,0.47841919058802046
definition,google_translate,rouge1_r,80,0.35208333333333336,0.4577768005874895
definition,microsoft_translate,rouge1_r,80,0.3441666666666666,0.4532667796765702
definition,chatgpt,rouge2_f1,80,0.0125,0.11180339887498951
definition,gemini,rouge2_f1,79,0.055696202531645575,0.22403458721243386
definition,google_translate,rouge2_f1,80,0.0375,0.19118219820734467
definition,microsoft_translate,rouge2_f1,80,0.05083333333333333,0.20738645581003076
definition,chatgpt,rouge2_p,80,0.0125,0.11180339887498951
definition,gemini,rouge2_p,79,0.05485232067510548,0.222843446297924
definition,google_translate,rouge2_p,80,0.0375,0.19118219820734467
definition,microsoft_translate,rouge2_p,80,0.04791666666666666,0.20055084129402503
definition,chatgpt,rouge2_r,80,0.0125,0.11180339887498951
definition,gemini,rouge2_r,79,0.056962025316455694,0.22627617814486245
definition,google_translate,rouge2_r,80,0.0375,0.19118219820734467
definition,microsoft_translate,rouge2_r,80,0.05625,0.22492966551875665
definition,chatgpt,rougeL_f1,80,0.0625,0.204339352614035
definition,gemini,rougeL_f1,79,0.3975587703435805,0.4441617213033284
definition,google_translate,rougeL_f1,80,0.2758333333333333,0.37756995607431193
definition,microsoft_translate,rougeL_f1,80,0.2747420634920635,0.38068708478432334
definition,chatgpt,rougeL_p,80,0.06541666666666666,0.22777859249965776
definition,gemini,rougeL_p,79,0.38682941531042797,0.4475388043191914
definition,google_translate,rougeL_p,80,0.25979166666666664,0.3798335351391647
definition,microsoft_translate,rougeL_p,80,0.25958333333333333,0.38165358443114616
definition,chatgpt,rougeL_r,80,0.08125,0.25709858720791096
definition,gemini,rougeL_r,79,0.44936708860759494,0.47841919058802046
definition,google_translate,rougeL_r,80,0.35208333333333336,0.4577768005874895
definition,microsoft_translate,rougeL_r,80,0.3441666666666666,0.4532667796765702
definition,chatgpt,ter,80,2.2125,1.5733306068059048
definition,gemini,ter,79,1.3037974683544304,1.387972217241384
definition,google_translate,ter,80,1.83125,1.7345852647787665
definition,microsoft_translate,ter,80,1.6833333333333331,1.5086716057726741
dictionary,chatgpt,bertscore_f1,20,-0.4924984756857157,0.18311439578189256
dictionary,gemini,bertscore_f1,20,-0.4741354927420616,0.16431846043873366
dictionary,google_translate,bertscore_f1,20,-0.43914973735809326,0.21941201544475503
dictionary,microsoft_translate,bertscore_f1,20,-0.4852136693894863,0.17882522620459507
dictionary,chatgpt,bleu,20,9.12424462867664e-13,4.080486246611659e-12
dictionary,gemini,bleu,20,6.825351197732908e-06,3.048887709034375e-05
dictionary,google_translate,bleu,20,2.2054357608194843e-05,9.856048225457241e-05
dictionary,microsoft_translate,bleu,20,5.992454988845986e-05,0.00026792112417011187
dictionary,chatgpt,bleurt,20,0.08417261764407154,0.07703990335617475
dictionary,gemini,bleurt,20,0.10284348838031288,0.0803409288679995
dictionary,google_translate,bleurt,20,0.09847532510757442,0.08535057511787904
dictionary,microsoft_translate,bleurt,20,0.1013253159821033,0.07679068793209066
dictionary,chatgpt,chrf,20,0.027262956590544195,0.018393460251188584
dictionary,gemini,chrf,20,0.0326138780692656,0.03390087353101937
dictionary,google_translate,chrf,20,0.034022470884581234,0.036488014354238006
dictionary,microsoft_translate,chrf,20,0.03460872978237077,0.03191949376810834
dictionary,chatgpt,comet,20,0.33609637022018435,0.059318005308738535
dictionary,gemini,comet,20,0.3439579293131828,0.09296264817794175
dictionary,google_translate,comet,20,0.3399659737944603,0.07010657821525772
dictionary,microsoft_translate,comet,20,0.3207647785544395,0.07105444779114028
dictionary,chatgpt,edit_dist,20,128.95,105.81089139045237
dictionary,gemini,edit_dist,20,129.4,105.85610889067142
dictionary,google_translate,edit_dist,20,129.55,105.72231502732448
dictionary,microsoft_translate,edit_dist,20,129.5,106.07767759623383
dictionary,chatgpt,exact_match,20,0.0,0.0
dictionary,gemini,exact_match,20,0.0,0.0
dictionary,google_translate,exact_match,20,0.0,0.0
dictionary,microsoft_translate,exact_match,20,0.0,0.0
dictionary,chatgpt,len_ratio,20,0.12807589150153803,0.19572843069527368
dictionary,gemini,len_ratio,20,0.10441884021948673,0.11733859664007285
dictionary,google_translate,len_ratio,20,0.10643669736234389,0.1251934906058116
dictionary,microsoft_translate,len_ratio,20,0.09480666073230724,0.10706559730415591
dictionary,chatgpt,llm_adequacy,20,1.0,0.0
dictionary,gemini,llm_adequacy,20,1.2,0.41039134083406165
dictionary,google_translate,llm_adequacy,20,1.25,0.7163503994113789
dictionary,microsoft_translate,llm_adequacy,20,1.15,0.36634754853252327
dictionary,chatgpt,llm_error_tags,0,,
dictionary,gemini,llm_error_tags,0,,
dictionary,google_translate,llm_error_tags,0,,
dictionary,microsoft_translate,llm_error_tags,0,,
dictionary,chatgpt,llm_fluency,20,1.4,0.5982430416161189
dictionary,gemini,llm_fluency,20,1.7,0.7326950970650464
dictionary,google_translate,llm_fluency,20,1.5,1.0513149660756937
dictionary,microsoft_translate,llm_fluency,20,1.8,1.105012502906165
dictionary,chatgpt,llm_overall,20,1.0,0.0
dictionary,gemini,llm_overall,20,1.2,0.41039134083406165
dictionary,google_translate,llm_overall,20,1.25,0.7163503994113789
dictionary,microsoft_translate,llm_overall,20,1.2,0.4103913408340617
dictionary,chatgpt,llm_rationale,0,,
dictionary,gemini,llm_rationale,0,,
dictionary,google_translate,llm_rationale,0,,
dictionary,microsoft_translate,llm_rationale,0,,
dictionary,chatgpt,llm_terminology,20,1.1,0.3077935056255462
dictionary,gemini,llm_terminology,20,1.45,0.7591546545162482
dictionary,google_translate,llm_terminology,20,1.35,0.8750939799154206
dictionary,microsoft_translate,llm_terminology,20,1.45,0.7591546545162482
dictionary,chatgpt,meteor,20,0.00115207373271889,0.005152230362902723
dictionary,gemini,meteor,20,0.009640683640443225,0.029690316611828527
dictionary,google_translate,meteor,20,0.00873479432095418,0.02027674288685477
dictionary,microsoft_translate,meteor,20,0.014580192603190911,0.024022570957921166
dictionary,chatgpt,rouge1_f1,20,0.003999999999999995,0.017888543819998298
dictionary,gemini,rouge1_f1,20,0.041567460317460315,0.1152763039173486
dictionary,google_translate,rouge1_f1,20,0.02899999999999999,0.06622529330764954
dictionary,microsoft_translate,rouge1_f1,20,0.030785714285714284,0.07266630616425653
dictionary,chatgpt,rouge1_p,20,0.05,0.22360679774997896
dictionary,gemini,rouge1_p,20,0.175,0.3725799101852973
dictionary,google_translate,rouge1_p,20,0.2,0.41039134083406165
dictionary,microsoft_translate,rouge1_p,20,0.2,0.41039134083406165
dictionary,chatgpt,rouge1_r,20,0.0020833333333333303,0.00931694990624911
dictionary,gemini,rouge1_r,20,0.025625,0.0756825061673177
dictionary,google_translate,rouge1_r,20,0.015892857142857132,0.036979016170654334
dictionary,microsoft_translate,rouge1_r,20,0.01708333333333332,0.041400465432307576
dictionary,chatgpt,rouge2_f1,20,0.0,0.0
dictionary,gemini,rouge2_f1,20,0.0,0.0
dictionary,google_translate,rouge2_f1,20,0.0,0.0
dictionary,microsoft_translate,rouge2_f1,20,0.0,0.0
dictionary,chatgpt,rouge2_p,20,0.0,0.0
dictionary,gemini,rouge2_p,20,0.0,0.0
dictionary,google_translate,rouge2_p,20,0.0,0.0
dictionary,microsoft_translate,rouge2_p,20,0.0,0.0
dictionary,chatgpt,rouge2_r,20,0.0,0.0
dictionary,gemini,rouge2_r,20,0.0,0.0
dictionary,google_translate,rouge2_r,20,0.0,0.0
dictionary,microsoft_translate,rouge2_r,20,0.0,0.0
dictionary,chatgpt,rougeL_f1,20,0.003999999999999995,0.017888543819998298
dictionary,gemini,rougeL_f1,20,0.041567460317460315,0.1152763039173486
dictionary,google_translate,rougeL_f1,20,0.02899999999999999,0.06622529330764954
dictionary,microsoft_translate,rougeL_f1,20,0.030785714285714284,0.07266630616425653
dictionary,chatgpt,rougeL_p,20,0.05,0.22360679774997896
dictionary,gemini,rougeL_p,20,0.175,0.3725799101852973
dictionary,google_translate,rougeL_p,20,0.2,0.41039134083406165
dictionary,microsoft_translate,rougeL_p,20,0.2,0.41039134083406165
dictionary,chatgpt,rougeL_r,20,0.0020833333333333303,0.00931694990624911
dictionary,gemini,rougeL_r,20,0.025625,0.0756825061673177
dictionary,google_translate,rougeL_r,20,0.015892857142857132,0.036979016170654334
dictionary,microsoft_translate,rougeL_r,20,0.01708333333333332,0.041400465432307576
dictionary,chatgpt,ter,20,0.9979166666666666,0.009316949906249065
dictionary,gemini,ter,20,0.9945588235294117,0.01680864374248702
dictionary,google_translate,ter,20,0.9945833333333333,0.01715831852883151
dictionary,microsoft_translate,ter,20,0.9862500000000001,0.039853074459314276
idiom,chatgpt,bertscore_f1,20,-0.15129162498051302,0.23608702706729426
idiom,gemini,bertscore_f1,20,-0.14978123070904986,0.21279159337475578
idiom,google_translate,bertscore_f1,20,-0.23370824947196525,0.24683758696978195
idiom,microsoft_translate,bertscore_f1,20,-0.11317622838541866,0.1787722700526668
idiom,chatgpt,bleu,20,0.0014519481959014563,0.003179331912335636
idiom,gemini,bleu,20,0.0026726821995868765,0.00840835074972374
idiom,google_translate,bleu,20,0.0008501671173579084,0.001795205650868519
idiom,microsoft_translate,bleu,20,0.0011646563958470086,0.003035353752592696
idiom,chatgpt,bleurt,20,0.17275055423378943,0.07757117985656123
idiom,gemini,bleurt,20,0.21400505043566223,0.07680236997376394
idiom,google_translate,bleurt,20,0.1868371974676847,0.09418990487675044
idiom,microsoft_translate,bleurt,20,0.19235727116465567,0.08490889627964963
idiom,chatgpt,chrf,20,0.038465958261329716,0.02440825929603146
idiom,gemini,chrf,20,0.049706672482860134,0.040224878935957414
idiom,google_translate,chrf,20,0.04829970426943421,0.04442774262324327
idiom,microsoft_translate,chrf,20,0.05411753441572744,0.04533880998562073
idiom,chatgpt,comet,20,0.3498828947544098,0.0651693606920851
idiom,gemini,comet,20,0.349831224232912,0.07042583319579988
idiom,google_translate,comet,20,0.35119707733392713,0.048763410109354914
idiom,microsoft_translate,comet,20,0.3668293714523315,0.06590178528586077
idiom,chatgpt,edit_dist,20,245.7,375.27535154028465
idiom,gemini,edit_dist,20,245.0,374.25912779362125
idiom,google_translate,edit_dist,20,245.2,375.33782677812576
idiom,microsoft_translate,edit_dist,20,241.6,369.4727965201512
idiom,chatgpt,exact_match,20,0.0,0.0
idiom,gemini,exact_match,20,0.0,0.0
idiom,google_translate,exact_match,20,0.0,0.0
idiom,microsoft_translate,exact_match,20,0.0,0.0
idiom,chatgpt,len_ratio,20,0.18190668150684394,0.1500741004309236
idiom,gemini,len_ratio,20,0.1618767414662316,0.13081585248266672
idiom,google_translate,len_ratio,20,0.14806431089988875,0.10096564337224342
idiom,microsoft_translate,len_ratio,20,0.20963092507681477,0.2353283045928511
idiom,chatgpt,llm_adequacy,20,1.05,0.22360679774997896
idiom,gemini,llm_adequacy,20,1.35,0.6708203932499369
idiom,google_translate,llm_adequacy,20,1.2,0.41039134083406165
idiom,microsoft_translate,llm_adequacy,20,1.3,0.5712405705774795
idiom,chatgpt,llm_error_tags,0,,
idiom,gemini,llm_error_tags,0,,
idiom,google_translate,llm_error_tags,0,,
idiom,microsoft_translate,llm_error_tags,0,,
idiom,chatgpt,llm_fluency,20,1.8,0.7677718959499144
idiom,gemini,llm_fluency,20,2.5,0.6882472016116853
idiom,google_translate,llm_fluency,20,2.0,0.7947194142390263
idiom,microsoft_translate,llm_fluency,20,2.15,0.8750939799154205
idiom,chatgpt,llm_overall,20,1.1,0.3077935056255463
idiom,gemini,llm_overall,20,1.35,0.6708203932499369
idiom,google_translate,llm_overall,20,1.2,0.41039134083406165
idiom,microsoft_translate,llm_overall,20,1.3,0.5712405705774795
idiom,chatgpt,llm_rationale,0,,
idiom,gemini,llm_rationale,0,,
idiom,google_translate,llm_rationale,0,,
idiom,microsoft_translate,llm_rationale,0,,
idiom,chatgpt,llm_terminology,20,1.15,0.4893604849295929
idiom,gemini,llm_terminology,20,1.9,1.020835571068081
idiom,google_translate,llm_terminology,20,1.4,0.6805570473787205
idiom,microsoft_translate,llm_terminology,20,1.35,0.6708203932499369
idiom,chatgpt,meteor,20,0.02690589434010924,0.029712060127129476
idiom,gemini,meteor,20,0.04081403581191557,0.05543251657417323
idiom,google_translate,meteor,20,0.031146203103983795,0.05482514273590916
idiom,microsoft_translate,meteor,20,0.02753755974023419,0.027855268035843102
idiom,chatgpt,rouge1_f1,20,0.056550625220506336,0.06930713484444086
idiom,gemini,rouge1_f1,20,0.08559563680083407,0.0740888280618977
idiom,google_translate,rouge1_f1,20,0.0762906942110503,0.10171246162420101
idiom,microsoft_translate,rouge1_f1,20,0.0749147786997191,0.06771845669972629
idiom,chatgpt,rouge1_p,20,0.20875,0.2312481231155065
idiom,gemini,rouge1_p,20,0.37958333333333333,0.2627518980740586
idiom,google_translate,rouge1_p,20,0.29874999999999996,0.35237279739767746
idiom,microsoft_translate,rouge1_p,20,0.30225357975357975,0.2997286872318576
idiom,chatgpt,rouge1_r,20,0.03440974179054211,0.04309484872537135
idiom,gemini,rouge1_r,20,0.05162105432479337,0.04873333270547713
idiom,google_translate,rouge1_r,20,0.04642973118115608,0.06262689882033197
idiom,microsoft_translate,rouge1_r,20,0.04792402633536319,0.04981068394811862
idiom,chatgpt,rouge2_f1,20,0.00222222222222222,0.009938079899999055
idiom,gemini,rouge2_f1,20,0.017317043445634412,0.03782292092249023
idiom,google_translate,rouge2_f1,20,0.015454545454545443,0.04190730857742325
idiom,microsoft_translate,rouge2_f1,20,0.00606060606060606,0.021086435573892705
idiom,chatgpt,rouge2_p,20,0.00714285714285714,0.03194382824999698
idiom,gemini,rouge2_p,20,0.09928571428571428,0.24862565306063683
idiom,google_translate,rouge2_p,20,0.08333333333333333,0.1752191610126156
idiom,microsoft_translate,rouge2_p,20,0.035333333333333335,0.14886863788262872
idiom,chatgpt,rouge2_r,20,0.0013157894736842098,0.005884389414473129
idiom,gemini,rouge2_r,20,0.010642589118198865,0.024276660618099886
idiom,google_translate,rouge2_r,20,0.009003530166880611,0.02487123793636439
idiom,microsoft_translate,rouge2_r,20,0.00365853658536585,0.011935621583648595
idiom,chatgpt,rougeL_f1,20,0.0490139054702438,0.05734774606183352
idiom,gemini,rougeL_f1,20,0.07782141875341242,0.06796226067734519
idiom,google_translate,rougeL_f1,20,0.0694924485970152,0.08920447475727188
idiom,microsoft_translate,rougeL_f1,20,0.07197360222913088,0.059863366477435
idiom,chatgpt,rougeL_p,20,0.18416666666666665,0.20643698329072588
idiom,gemini,rougeL_p,20,0.34249999999999997,0.24923714018336757
idiom,google_translate,rougeL_p,20,0.2791071428571429,0.32840849793283444
idiom,microsoft_translate,rougeL_p,20,0.2984074259074259,0.2996292312071148
idiom,chatgpt,rougeL_r,20,0.02986682094327344,0.03579142465846557
idiom,gemini,rougeL_r,20,0.047070461129382055,0.04522920983420841
idiom,google_translate,rougeL_r,20,0.04231682795534962,0.05519065083805352
idiom,microsoft_translate,rougeL_r,20,0.04554307395441081,0.04195938211536432
idiom,chatgpt,ter,20,0.9748180078991933,0.03362880994285144
idiom,gemini,ter,20,0.9690042053248972,0.03867862871995254
idiom,google_translate,ter,20,0.9695002819233511,0.047243209337069984
idiom,microsoft_translate,ter,20,0.9743471539884739,0.03326629249272279
legal,chatgpt,bertscore_f1,111,0.14849037162095372,0.16904999843205873
legal,gemini,bertscore_f1,111,0.29570400211876174,0.17338128315132137
legal,google_translate,bertscore_f1,111,0.33637322434685657,0.19494371455118772
legal,microsoft_translate,bertscore_f1,111,0.3143711790509589,0.20760945378795287
legal,chatgpt,bleu,111,0.045574703712761545,0.05862239247488107
legal,gemini,bleu,111,0.1277086050397976,0.12625739640998299
legal,google_translate,bleu,111,0.14455589969021157,0.130263962928983
legal,microsoft_translate,bleu,111,0.14188121733408615,0.13014835162281457
legal,chatgpt,bleurt,111,0.39310806258036207,0.09601377630990023
legal,gemini,bleurt,111,0.48584799106056625,0.13145036573230137
legal,google_translate,bleurt,111,0.49005648493766785,0.1327789577085888
legal,microsoft_translate,bleurt,111,0.4807816663303891,0.12703028298892816
legal,chatgpt,chrf,111,0.29536521639910107,0.1111027635600274
legal,gemini,chrf,111,0.4483364289630978,0.14439787328563952
legal,google_translate,chrf,111,0.45369546738348027,0.16604929606325755
legal,microsoft_translate,chrf,111,0.4544145299866517,0.1592266226293092
legal,chatgpt,comet,111,0.5859376103491396,0.08402784159917566
legal,gemini,comet,111,0.6706668452636616,0.08263080724298813
legal,google_translate,comet,111,0.6797387162307361,0.0895640364083896
legal,microsoft_translate,comet,111,0.6629687103333773,0.10575229316844209
legal,chatgpt,edit_dist,111,139.03603603603602,149.0730710349139
legal,gemini,edit_dist,111,120.36036036036036,133.42350840924772
legal,google_translate,edit_dist,111,115.15315315315316,124.56675451691088
legal,microsoft_translate,edit_dist,111,117.85585585585585,131.54376021598608
legal,chatgpt,exact_match,111,0.0,0.0
legal,gemini,exact_match,111,0.0,0.0
legal,google_translate,exact_match,111,0.009009009009009009,0.09491579957524991
legal,microsoft_translate,exact_match,111,0.009009009009009009,0.09491579957524991
legal,chatgpt,len_ratio,111,1.175081035554942,0.4799764134398445
legal,gemini,len_ratio,111,1.1114966560193067,0.3590614054894238
legal,google_translate,len_ratio,111,1.0244819474909697,0.3424785083124279
legal,microsoft_translate,len_ratio,111,1.048213424906321,0.33289390147053094
legal,chatgpt,llm_adequacy,111,1.972972972972973,0.6668713854390851
legal,gemini,llm_adequacy,111,3.1531531531531534,0.8862402526526235
legal,google_translate,llm_adequacy,107,3.0093457943925235,0.8632466918536651
legal,microsoft_translate,llm_adequacy,111,3.054054054054054,0.882535992959935
legal,chatgpt,llm_error_tags,0,,
legal,gemini,llm_error_tags,0,,
legal,google_translate,llm_error_tags,0,,
legal,microsoft_translate,llm_error_tags,0,,
legal,chatgpt,llm_fluency,111,2.936936936936937,0.6779552047320382
legal,gemini,llm_fluency,111,3.90990990990991,0.6403060283894022
legal,google_translate,llm_fluency,107,3.682242990654206,0.6080921423650089
legal,microsoft_translate,llm_fluency,111,3.7117117117117115,0.5937153800416092
legal,chatgpt,llm_overall,111,1.9639639639639639,0.6595856540687004
legal,gemini,llm_overall,111,3.1621621621621623,0.8794682333457952
legal,google_translate,llm_overall,107,2.9813084112149535,0.846539107536658
legal,microsoft_translate,llm_overall,111,3.027027027027027,0.8682213737338841
legal,chatgpt,llm_rationale,0,,
legal,gemini,llm_rationale,0,,
legal,google_translate,llm_rationale,0,,
legal,microsoft_translate,llm_rationale,0,,
legal,chatgpt,llm_terminology,111,2.2612612612612613,0.6837292355060354
legal,gemini,llm_terminology,111,3.3603603603603602,0.8612125995868508
legal,google_translate,llm_terminology,107,3.2616822429906542,0.8165325745172399
legal,microsoft_translate,llm_terminology,111,3.315315315315315,0.9721763960963798
legal,chatgpt,meteor,111,0.24101038839291897,0.12893702168513166
legal,gemini,meteor,111,0.3813508716880801,0.18702241929061764
legal,google_translate,meteor,111,0.3985998332023445,0.18163032860714953
legal,microsoft_translate,meteor,111,0.3982764204129097,0.1839674022649201
legal,chatgpt,rouge1_f1,111,0.335197616334631,0.12826393970824312
legal,gemini,rouge1_f1,111,0.4720707517988592,0.15773009834648427
legal,google_translate,rouge1_f1,111,0.5030996297876164,0.1621215608756413
legal,microsoft_translate,rouge1_f1,111,0.4990628086039371,0.16386234506525754
legal,chatgpt,rouge1_p,111,0.3256364004192651,0.13089040064407337
legal,gemini,rouge1_p,111,0.46248884553453673,0.16152889412718827
legal,google_translate,rouge1_p,111,0.5187182650606736,0.17440660242116704
legal,microsoft_translate,rouge1_p,111,0.507116309078803,0.17560506781783572
legal,chatgpt,rouge1_r,111,0.365236578674604,0.14723417509448292
legal,gemini,rouge1_r,111,0.5019281209437303,0.17850893127349732
legal,google_translate,rouge1_r,111,0.5106460134387624,0.17763573551288372
legal,microsoft_translate,rouge1_r,111,0.5144532845663122,0.18315083606350144
legal,chatgpt,rouge2_f1,111,0.08056744788429109,0.09088837774689713
legal,gemini,rouge2_f1,111,0.20425549738777238,0.15972478958272426
legal,google_translate,rouge2_f1,111,0.23620319195763034,0.1794528582849165
legal,microsoft_translate,rouge2_f1,111,0.2321088908365869,0.17366293575239838
legal,chatgpt,rouge2_p,111,0.07860956254900603,0.08814876169987391
legal,gemini,rouge2_p,111,0.20059184948431263,0.16976947220601388
legal,google_translate,rouge2_p,111,0.2439550699360803,0.1959604813144398
legal,microsoft_translate,rouge2_p,111,0.2357015167848444,0.19211639293656274
legal,chatgpt,rouge2_r,111,0.08699035851525766,0.10009997494573969
legal,gemini,rouge2_r,111,0.21643541954303688,0.16125093881037555
legal,google_translate,rouge2_r,111,0.24073419105811172,0.18242680698506641
legal,microsoft_translate,rouge2_r,111,0.24011740539045132,0.17642464369028082
legal,chatgpt,rougeL_f1,111,0.2786426045403816,0.11146564023484566
legal,gemini,rougeL_f1,111,0.4155304088165164,0.15580484422338348
legal,google_translate,rougeL_f1,111,0.44539978143187664,0.15640054085667554
legal,microsoft_translate,rougeL_f1,111,0.44113156625694033,0.16006115065294488
legal,chatgpt,rougeL_p,111,0.27089129800169665,0.11321180809231046
legal,gemini,rougeL_p,111,0.4070877907702516,0.15836836888786235
legal,google_translate,rougeL_p,111,0.45986364874089514,0.16918195869950195
legal,microsoft_translate,rougeL_p,111,0.4478670669444076,0.16925124960882781
legal,chatgpt,rougeL_r,111,0.30344937910363673,0.12725195577486811
legal,gemini,rougeL_r,111,0.44163430789183433,0.1720596686255184
legal,google_translate,rougeL_r,111,0.4519023521494679,0.16953159067249965
legal,microsoft_translate,rougeL_r,111,0.4553686335564234,0.17897419232667913
legal,chatgpt,ter,111,1.0073794535567253,0.39988427477663396
legal,gemini,ter,111,0.8288861731820663,0.3043899925282815
legal,google_translate,ter,111,0.764683827417356,0.2943300020515556
legal,microsoft_translate,ter,111,0.7741857079224407,0.28302658625764165
medical,chatgpt,bertscore_f1,108,0.2170652167513725,0.295195113084413
medical,gemini,bertscore_f1,108,0.41843699794952516,0.30337906853030566
medical,google_translate,bertscore_f1,108,0.44288272010507407,0.3027194365742283
medical,microsoft_translate,bertscore_f1,108,0.4754389454093244,0.3029249114394915
medical,chatgpt,bleu,108,0.054271560078792476,0.07633951884871751
medical,gemini,bleu,108,0.1779424947789949,0.17141573588864142
medical,google_translate,bleu,108,0.20458951855908147,0.18232813868154002
medical,microsoft_translate,bleu,108,0.20877023402611772,0.18928323119159482
medical,chatgpt,bleurt,108,0.44941222902249406,0.13116152060380967
medical,gemini,bleurt,108,0.5667194686830044,0.14556939362580018
medical,google_translate,bleurt,108,0.5914778519007895,0.15515488860976281
medical,microsoft_translate,bleurt,108,0.6032914241982831,0.14797394099238442
medical,chatgpt,chrf,108,0.2699242579540885,0.1322223682562173
medical,gemini,chrf,108,0.4819519236041514,0.1762645517384152
medical,google_translate,chrf,108,0.5134203906067691,0.18669433603998678
medical,microsoft_translate,chrf,108,0.524295150577656,0.18168821471427427
medical,chatgpt,comet,108,0.5695021697492512,0.1465966960523608
medical,gemini,comet,108,0.676398397181873,0.16369656382943504
medical,google_translate,comet,108,0.7031007549828954,0.15927091893632925
medical,microsoft_translate,comet,108,0.7100316076366989,0.15481642572587376
medical,chatgpt,edit_dist,108,50.842592592592595,19.232061449781437
medical,gemini,edit_dist,108,38.71296296296296,19.27957173969134
medical,google_translate,edit_dist,108,35.333333333333336,19.96117727316806
medical,microsoft_translate,edit_dist,108,33.888888888888886,18.202563921968064
medical,chatgpt,exact_match,108,0.0,0.0
medical,gemini,exact_match,108,0.0,0.0
medical,google_translate,exact_match,108,0.0,0.0
medical,microsoft_translate,exact_match,108,0.018518518518518517,0.13544536999096837
medical,chatgpt,len_ratio,108,1.1857711920687066,0.5551706122776031
medical,gemini,len_ratio,108,1.124197637643415,0.38067563560069684
medical,google_translate,len_ratio,108,1.1101910634276475,0.3342215155356184
medical,microsoft_translate,len_ratio,108,1.0620171541946568,0.34511565157003776
medical,chatgpt,llm_adequacy,108,1.9814814814814814,0.9270744002393191
medical,gemini,llm_adequacy,108,3.2685185185185186,1.090369751926172
medical,google_translate,llm_adequacy,108,3.3518518518518516,1.025969473729397
medical,microsoft_translate,llm_adequacy,108,3.5462962962962963,1.008230236827603
medical,chatgpt,llm_error_tags,0,,
medical,gemini,llm_error_tags,0,,
medical,google_translate,llm_error_tags,0,,
medical,microsoft_translate,llm_error_tags,0,,
medical,chatgpt,llm_fluency,108,2.9722222222222223,0.971157256805242
medical,gemini,llm_fluency,108,3.888888888888889,1.016989632578713
medical,google_translate,llm_fluency,108,4.0092592592592595,0.9618456787481809
medical,microsoft_translate,llm_fluency,108,4.101851851851852,0.9165132506378014
medical,chatgpt,llm_overall,108,2.0,0.937285801075209
medical,gemini,llm_overall,108,3.25,1.0862350307627142
medical,google_translate,llm_overall,108,3.3703703703703702,1.0101595376228099
medical,microsoft_translate,llm_overall,108,3.537037037037037,0.9804245306486783
medical,chatgpt,llm_rationale,0,,
medical,gemini,llm_rationale,0,,
medical,google_translate,llm_rationale,0,,
medical,microsoft_translate,llm_rationale,0,,
medical,chatgpt,llm_terminology,108,2.3703703703703702,1.0284967034562738
medical,gemini,llm_terminology,108,3.6296296296296298,1.1156708102620996
medical,google_translate,llm_terminology,108,3.7314814814814814,1.1073795074343913
medical,microsoft_translate,llm_terminology,108,3.8796296296296298,1.0386691034220665
medical,chatgpt,meteor,108,0.23738189590536146,0.19886660689500857
medical,gemini,meteor,108,0.4599803364449774,0.24031093612230664
medical,google_translate,meteor,108,0.4822782560497912,0.2499378967680962
medical,microsoft_translate,meteor,108,0.49111316052197446,0.23675822730759066
medical,chatgpt,rouge1_f1,108,0.30156477923155167,0.19637528606075913
medical,gemini,rouge1_f1,108,0.5064347623094766,0.22500106025469113
medical,google_translate,rouge1_f1,108,0.5359225792469064,0.21997496734271957
medical,microsoft_translate,rouge1_f1,108,0.5539165338492881,0.22571477930712197
medical,chatgpt,rouge1_p,108,0.29521219164111695,0.19193288201259434
medical,gemini,rouge1_p,108,0.49517414854051994,0.23034305332171945
medical,google_translate,rouge1_p,108,0.521828885909416,0.22284796125644915
medical,microsoft_translate,rouge1_p,108,0.5500344752500811,0.23446239146010145
medical,chatgpt,rouge1_r,108,0.3200535244291694,0.21564072523506375
medical,gemini,rouge1_r,108,0.5351741218145587,0.23850851277345245
medical,google_translate,rouge1_r,108,0.565509142154524,0.23598471025786658
medical,microsoft_translate,rouge1_r,108,0.5726596099596616,0.23315493844350332
medical,chatgpt,rouge2_f1,108,0.09969862710240461,0.12494146025460152
medical,gemini,rouge2_f1,108,0.2716521669050899,0.1993996252653803
medical,google_translate,rouge2_f1,108,0.3147295363832107,0.21712010044949856
medical,microsoft_translate,rouge2_f1,108,0.3222459633689048,0.2181999690486075
medical,chatgpt,rouge2_p,108,0.09449878448125743,0.11757174377688213
medical,gemini,rouge2_p,108,0.2654716302289626,0.2009489079409073
medical,google_translate,rouge2_p,108,0.30538144835284614,0.21728174043234355
medical,microsoft_translate,rouge2_p,108,0.3211163942685152,0.2271567438467881
medical,chatgpt,rouge2_r,108,0.10911421650499736,0.14072060646736165
medical,gemini,rouge2_r,108,0.2884131583444056,0.21304139923120938
medical,google_translate,rouge2_r,108,0.3356763913194979,0.2354436202470033
medical,microsoft_translate,rouge2_r,108,0.33403972309786234,0.22477184394137598
medical,chatgpt,rougeL_f1,108,0.2688284894593618,0.17831706200151007
medical,gemini,rougeL_f1,108,0.471003090850422,0.21688727495294402
medical,google_translate,rougeL_f1,108,0.5049436943707536,0.21876336468949106
medical,microsoft_translate,rougeL_f1,108,0.5193082598505528,0.215460027888689
medical,chatgpt,rougeL_p,108,0.26269230214044825,0.17236680520136913
medical,gemini,rougeL_p,108,0.46057206085320695,0.22243645661501413
medical,google_translate,rougeL_p,108,0.49131687156752185,0.22041852260983558
medical,microsoft_translate,rougeL_p,108,0.5151914306427494,0.22291790086605404
medical,chatgpt,rougeL_r,108,0.28597570710831804,0.19795277939230466
medical,gemini,rougeL_r,108,0.4979256950432131,0.22905261828507084
medical,google_translate,rougeL_r,108,0.5334611684850332,0.23556263883384485
medical,microsoft_translate,rougeL_r,108,0.5377141005088631,0.22441832065571546
medical,chatgpt,ter,108,1.0563519730549744,0.5281237069911942
medical,gemini,ter,108,0.7775986236495351,0.3879603377611281
medical,google_translate,ter,108,0.7024450758426937,0.3549725749167377
medical,microsoft_translate,ter,108,0.6772647078138134,0.3624686111546852
