item_id,cand_A__semantic_fidelity_0_4__ann1,cand_A__cultural_adequacy_0_4__ann1,cand_A__fluency_0_4__ann1,cand_B__semantic_fidelity_0_4__ann1,cand_B__cultural_adequacy_0_4__ann1,cand_B__fluency_0_4__ann1,cand_C__semantic_fidelity_0_4__ann1,cand_C__cultural_adequacy_0_4__ann1,cand_C__fluency_0_4__ann1,cand_D__semantic_fidelity_0_4__ann1,cand_D__cultural_adequacy_0_4__ann1,cand_D__fluency_0_4__ann1,cand_A__semantic_fidelity_0_4__ann2,cand_A__cultural_adequacy_0_4__ann2,cand_A__fluency_0_4__ann2,cand_B__semantic_fidelity_0_4__ann2,cand_B__cultural_adequacy_0_4__ann2,cand_B__fluency_0_4__ann2,cand_C__semantic_fidelity_0_4__ann2,cand_C__cultural_adequacy_0_4__ann2,cand_C__fluency_0_4__ann2,cand_D__semantic_fidelity_0_4__ann2,cand_D__cultural_adequacy_0_4__ann2,cand_D__fluency_0_4__ann2,cand_A__semantic_fidelity_0_4__disagree_flag,cand_A__cultural_adequacy_0_4__disagree_flag,cand_A__fluency_0_4__disagree_flag,cand_B__semantic_fidelity_0_4__disagree_flag,cand_B__cultural_adequacy_0_4__disagree_flag,cand_B__fluency_0_4__disagree_flag,cand_C__semantic_fidelity_0_4__disagree_flag,cand_C__cultural_adequacy_0_4__disagree_flag,cand_C__fluency_0_4__disagree_flag,cand_D__semantic_fidelity_0_4__disagree_flag,cand_D__cultural_adequacy_0_4__disagree_flag,cand_D__fluency_0_4__disagree_flag
1,3.0,2.0,3.0,2.0,2.0,3.0,3.0,2.0,3.0,3.0,2.0,3.0,2.0,3.0,3.0,2.0,2.0,3.0,3.0,3.0,4.0,2.0,2.0,2.0,1,1,0,0,0,0,0,1,1,1,0,1
2,1.0,1.0,1.0,2.0,3.0,3.0,2.0,2.0,2.0,3.0,2.0,3.0,2.0,3.0,3.0,3.0,3.0,3.0,2.0,3.0,3.0,3.0,2.0,3.0,1,1,1,1,0,0,0,1,1,0,0,0
3,2.0,1.0,2.0,1.0,1.0,2.0,2.0,2.0,2.0,2.0,1.0,2.0,4.0,3.0,4.0,2.0,3.0,3.0,4.0,4.0,4.0,4.0,3.0,4.0,1,1,1,1,1,1,1,1,1,1,1,1
4,2.0,2.0,2.0,4.0,4.0,4.0,3.0,3.0,3.0,3.0,3.0,3.0,3.0,3.0,3.0,1.0,1.0,2.0,3.0,2.0,3.0,2.0,2.0,2.0,1,1,1,1,1,1,0,1,0,1,1,1
5,3.0,4.0,4.0,2.0,2.0,3.0,3.0,3.0,3.0,2.0,2.0,3.0,2.0,2.0,2.0,3.0,3.0,4.0,3.0,2.0,3.0,2.0,2.0,2.0,1,1,1,1,1,1,0,1,0,0,0,1
6,3.0,2.0,3.0,3.0,3.0,3.0,4.0,4.0,4.0,3.0,4.0,4.0,3.0,2.0,3.0,4.0,3.0,4.0,3.0,3.0,4.0,4.0,4.0,4.0,0,0,0,1,0,1,1,1,0,1,0,0
7,2.0,1.0,2.0,2.0,1.0,2.0,3.0,2.0,3.0,2.0,3.0,3.0,2.0,1.0,2.0,1.0,1.0,1.0,2.0,2.0,2.0,2.0,2.0,3.0,0,0,0,1,0,1,1,0,1,0,1,0
8,2.0,2.0,2.0,3.0,3.0,3.0,4.0,4.0,4.0,2.0,1.0,2.0,3.0,3.0,4.0,2.0,2.0,2.0,3.0,3.0,3.0,1.0,1.0,2.0,1,1,1,1,1,1,1,1,1,1,0,0
9,2.0,2.0,3.0,3.0,3.0,3.0,4.0,4.0,4.0,3.0,3.0,4.0,2.0,1.0,2.0,2.0,2.0,2.0,3.0,2.0,3.0,1.0,1.0,2.0,0,1,1,1,1,1,1,1,1,1,1,1
10,2.0,2.0,3.0,2.0,3.0,2.0,3.0,4.0,4.0,3.0,4.0,4.0,2.0,2.0,2.0,3.0,2.0,3.0,2.0,2.0,2.0,2.0,2.0,2.0,0,0,1,1,1,1,1,1,1,1,1,1
11,2.0,2.0,2.0,3.0,2.0,3.0,4.0,3.0,4.0,3.0,4.0,4.0,3.0,2.0,3.0,2.0,2.0,3.0,3.0,3.0,3.0,3.0,3.0,4.0,1,0,1,1,0,0,1,0,1,0,1,0
12,2.0,2.0,3.0,3.0,3.0,4.0,3.0,3.0,3.0,2.0,2.0,3.0,3.0,2.0,4.0,3.0,3.0,3.0,3.0,3.0,4.0,3.0,3.0,3.0,1,0,1,0,0,1,0,0,1,1,1,0
13,2.0,2.0,2.0,4.0,4.0,4.0,3.0,3.0,3.0,2.0,2.0,2.0,3.0,3.0,3.0,3.0,3.0,3.0,4.0,4.0,4.0,3.0,2.0,3.0,1,1,1,1,1,1,1,1,1,1,0,1
14,3.0,3.0,3.0,2.0,2.0,2.0,4.0,4.0,4.0,2.0,2.0,2.0,2.0,2.0,2.0,2.0,2.0,3.0,3.0,2.0,3.0,2.0,2.0,2.0,1,1,1,0,0,1,1,1,1,0,0,0
15,3.0,3.0,4.0,3.0,3.0,3.0,3.0,3.0,3.0,2.0,2.0,2.0,2.0,2.0,2.0,2.0,2.0,3.0,3.0,3.0,3.0,2.0,3.0,3.0,1,1,1,1,1,0,0,0,0,0,1,1
16,2.0,2.0,3.0,3.0,3.0,3.0,3.0,3.0,3.0,3.0,3.0,4.0,3.0,4.0,4.0,3.0,3.0,3.0,3.0,3.0,3.0,3.0,3.0,3.0,1,1,1,0,0,0,0,0,0,0,0,1
17,2.0,2.0,2.0,3.0,2.0,3.0,3.0,2.0,3.0,3.0,3.0,3.0,3.0,3.0,3.0,3.0,3.0,3.0,3.0,3.0,4.0,2.0,3.0,2.0,1,1,1,0,1,0,0,1,1,1,0,1
18,2.0,2.0,3.0,2.0,2.0,3.0,2.0,2.0,2.0,3.0,3.0,3.0,2.0,2.0,2.0,2.0,2.0,3.0,2.0,3.0,3.0,2.0,3.0,3.0,0,0,1,0,0,0,0,1,1,1,0,0
19,2.0,2.0,3.0,3.0,3.0,4.0,3.0,3.0,3.0,3.0,3.0,4.0,3.0,3.0,3.0,3.0,2.0,3.0,3.0,3.0,3.0,1.0,1.0,2.0,1,1,0,0,1,1,0,0,0,1,1,1
20,2.0,2.0,3.0,2.0,1.0,2.0,3.0,3.0,3.0,3.0,2.0,3.0,2.0,2.0,2.0,2.0,3.0,2.0,4.0,4.0,4.0,2.0,2.0,2.0,0,0,1,0,1,0,1,1,1,1,0,1
21,2.0,3.0,3.0,3.0,4.0,4.0,4.0,4.0,4.0,4.0,4.0,4.0,4.0,3.0,4.0,3.0,3.0,3.0,3.0,3.0,3.0,3.0,3.0,3.0,1,0,1,0,1,1,1,1,1,1,1,1
22,2.0,2.0,3.0,3.0,3.0,3.0,4.0,4.0,4.0,3.0,3.0,4.0,3.0,3.0,3.0,3.0,3.0,3.0,3.0,4.0,4.0,3.0,3.0,4.0,1,1,0,0,0,0,1,0,0,0,0,0
23,2.0,2.0,3.0,2.0,2.0,3.0,3.0,3.0,3.0,3.0,2.0,3.0,3.0,3.0,4.0,3.0,3.0,3.0,3.0,3.0,3.0,3.0,2.0,3.0,1,1,1,1,1,0,0,0,0,0,0,0
24,3.0,3.0,3.0,2.0,2.0,2.0,2.0,3.0,3.0,3.0,3.0,3.0,2.0,3.0,3.0,2.0,1.0,2.0,2.0,2.0,3.0,2.0,2.0,2.0,1,0,0,0,1,0,0,1,0,1,1,1
25,2.0,1.0,2.0,3.0,3.0,3.0,3.0,2.0,3.0,3.0,4.0,4.0,2.0,2.0,3.0,3.0,2.0,3.0,3.0,3.0,3.0,2.0,2.0,2.0,0,1,1,0,1,0,0,1,0,1,1,1
26,3.0,3.0,3.0,2.0,2.0,3.0,3.0,2.0,3.0,3.0,3.0,3.0,2.0,2.0,3.0,4.0,4.0,4.0,3.0,2.0,3.0,3.0,3.0,3.0,1,1,0,1,1,1,0,0,0,0,0,0
27,2.0,2.0,2.0,2.0,2.0,3.0,2.0,3.0,2.0,2.0,2.0,2.0,2.0,2.0,2.0,3.0,2.0,3.0,3.0,3.0,3.0,2.0,2.0,3.0,0,0,0,1,0,0,1,0,1,0,0,1
28,1.0,1.0,2.0,2.0,2.0,3.0,3.0,3.0,3.0,3.0,3.0,3.0,3.0,3.0,3.0,3.0,3.0,3.0,3.0,4.0,3.0,3.0,2.0,3.0,1,1,1,1,1,0,0,1,0,0,1,0
29,2.0,2.0,2.0,3.0,3.0,3.0,2.0,1.0,2.0,3.0,2.0,3.0,3.0,3.0,3.0,3.0,2.0,3.0,4.0,3.0,4.0,3.0,3.0,3.0,1,1,1,0,1,0,1,1,1,0,1,0
30,2.0,2.0,2.0,3.0,2.0,3.0,2.0,2.0,2.0,3.0,3.0,4.0,3.0,3.0,4.0,2.0,2.0,2.0,3.0,3.0,3.0,2.0,2.0,3.0,1,1,1,1,0,1,1,1,1,1,1,1
31,3.0,3.0,3.0,3.0,2.0,3.0,2.0,3.0,2.0,3.0,2.0,3.0,3.0,3.0,3.0,2.0,2.0,2.0,2.0,2.0,2.0,2.0,2.0,2.0,0,0,0,1,0,1,0,1,0,1,0,1
32,2.0,2.0,2.0,3.0,3.0,3.0,2.0,1.0,2.0,2.0,2.0,2.0,3.0,2.0,3.0,2.0,2.0,2.0,3.0,3.0,3.0,2.0,2.0,2.0,1,0,1,1,1,1,1,1,1,0,0,0
33,2.0,2.0,3.0,3.0,2.0,3.0,3.0,3.0,3.0,2.0,2.0,3.0,3.0,3.0,3.0,2.0,2.0,2.0,3.0,3.0,3.0,2.0,1.0,2.0,1,1,0,1,0,1,0,0,0,0,1,1
34,1.0,1.0,1.0,2.0,2.0,2.0,2.0,2.0,2.0,2.0,2.0,2.0,3.0,2.0,3.0,2.0,2.0,2.0,2.0,2.0,2.0,2.0,2.0,2.0,1,1,1,0,0,0,0,0,0,0,0,0
35,2.0,2.0,2.0,3.0,3.0,3.0,3.0,2.0,3.0,4.0,3.0,4.0,2.0,2.0,3.0,3.0,3.0,3.0,3.0,4.0,4.0,2.0,1.0,2.0,0,0,1,0,0,0,0,1,1,1,1,1
36,1.0,1.0,2.0,1.0,2.0,2.0,2.0,2.0,3.0,2.0,2.0,2.0,4.0,4.0,4.0,3.0,3.0,3.0,3.0,3.0,3.0,3.0,3.0,3.0,1,1,1,1,1,1,1,1,0,1,1,1
37,3.0,3.0,3.0,2.0,3.0,3.0,3.0,3.0,4.0,3.0,3.0,4.0,2.0,3.0,3.0,2.0,1.0,2.0,2.0,1.0,2.0,2.0,2.0,2.0,1,0,0,0,1,1,1,1,1,1,1,1
38,2.0,3.0,3.0,2.0,2.0,2.0,2.0,2.0,2.0,3.0,4.0,4.0,4.0,3.0,4.0,2.0,2.0,3.0,3.0,4.0,4.0,2.0,2.0,2.0,1,0,1,0,0,1,1,1,1,1,1,1
39,3.0,2.0,3.0,3.0,3.0,3.0,2.0,2.0,2.0,3.0,3.0,3.0,3.0,3.0,3.0,2.0,2.0,2.0,3.0,3.0,3.0,2.0,1.0,2.0,0,1,0,1,1,1,1,1,1,1,1,1
40,2.0,2.0,3.0,2.0,2.0,2.0,2.0,2.0,2.0,3.0,3.0,3.0,3.0,2.0,3.0,1.0,1.0,2.0,3.0,3.0,3.0,1.0,1.0,2.0,1,0,0,1,1,0,1,1,1,1,1,1
41,3.0,3.0,3.0,2.0,2.0,2.0,3.0,3.0,3.0,3.0,3.0,4.0,3.0,2.0,3.0,2.0,2.0,3.0,3.0,3.0,4.0,2.0,2.0,2.0,0,1,0,0,0,1,0,0,1,1,1,1
42,3.0,3.0,3.0,3.0,3.0,3.0,3.0,4.0,3.0,3.0,4.0,4.0,3.0,2.0,3.0,1.0,1.0,1.0,4.0,4.0,4.0,2.0,2.0,2.0,0,1,0,1,1,1,1,0,1,1,1,1
43,2.0,2.0,3.0,2.0,1.0,2.0,3.0,2.0,3.0,3.0,2.0,3.0,2.0,2.0,2.0,1.0,2.0,2.0,3.0,2.0,3.0,3.0,2.0,3.0,0,0,1,1,1,0,0,0,0,0,0,0
44,2.0,2.0,3.0,3.0,3.0,3.0,3.0,3.0,4.0,3.0,3.0,4.0,2.0,2.0,3.0,1.0,1.0,2.0,2.0,2.0,2.0,2.0,2.0,2.0,0,0,0,1,1,1,1,1,1,1,1,1
45,2.0,1.0,2.0,2.0,2.0,3.0,3.0,3.0,3.0,3.0,3.0,3.0,3.0,3.0,3.0,1.0,1.0,2.0,3.0,3.0,3.0,3.0,3.0,3.0,1,1,1,1,1,1,0,0,0,0,0,0
46,2.0,1.0,2.0,2.0,2.0,2.0,2.0,2.0,3.0,3.0,3.0,4.0,3.0,3.0,4.0,3.0,2.0,3.0,4.0,4.0,4.0,1.0,1.0,2.0,1,1,1,1,0,1,1,1,1,1,1,1
47,2.0,3.0,3.0,3.0,2.0,3.0,3.0,3.0,3.0,3.0,3.0,4.0,4.0,4.0,4.0,3.0,3.0,3.0,4.0,4.0,4.0,3.0,3.0,3.0,1,1,1,0,1,0,1,1,1,0,0,1
48,2.0,2.0,3.0,2.0,2.0,2.0,3.0,3.0,3.0,2.0,2.0,3.0,2.0,2.0,2.0,2.0,1.0,2.0,3.0,3.0,3.0,2.0,2.0,3.0,0,0,1,0,1,0,0,0,0,0,0,0
49,2.0,2.0,2.0,3.0,2.0,3.0,3.0,3.0,3.0,2.0,2.0,2.0,2.0,2.0,2.0,2.0,2.0,2.0,2.0,2.0,3.0,2.0,2.0,2.0,0,0,0,1,0,1,1,1,0,0,0,0
50,2.0,2.0,2.0,3.0,3.0,3.0,3.0,3.0,3.0,2.0,2.0,2.0,4.0,3.0,4.0,3.0,3.0,4.0,4.0,4.0,4.0,3.0,3.0,3.0,1,1,1,0,0,1,1,1,1,1,1,1
51,2.0,2.0,3.0,3.0,3.0,3.0,3.0,3.0,3.0,3.0,2.0,3.0,3.0,3.0,4.0,3.0,4.0,4.0,3.0,3.0,4.0,2.0,2.0,2.0,1,1,1,0,1,1,0,0,1,1,0,1
52,2.0,2.0,3.0,3.0,3.0,3.0,4.0,4.0,4.0,3.0,3.0,3.0,1.0,1.0,2.0,2.0,2.0,3.0,2.0,1.0,2.0,1.0,1.0,1.0,1,1,1,1,1,0,1,1,1,1,1,1
53,1.0,1.0,2.0,2.0,2.0,2.0,2.0,2.0,3.0,2.0,2.0,2.0,1.0,1.0,2.0,2.0,2.0,2.0,2.0,2.0,3.0,2.0,2.0,2.0,0,0,0,0,0,0,0,0,0,0,0,0
54,2.0,2.0,2.0,2.0,3.0,3.0,3.0,3.0,3.0,2.0,2.0,2.0,2.0,2.0,2.0,3.0,3.0,4.0,2.0,2.0,2.0,3.0,2.0,3.0,0,0,0,1,0,1,1,1,1,1,0,1
55,2.0,2.0,3.0,3.0,3.0,3.0,2.0,2.0,3.0,3.0,3.0,3.0,4.0,4.0,4.0,2.0,2.0,3.0,3.0,3.0,3.0,3.0,2.0,3.0,1,1,1,1,1,0,1,1,0,0,1,0
56,2.0,2.0,3.0,3.0,3.0,3.0,3.0,3.0,4.0,4.0,4.0,4.0,2.0,2.0,2.0,2.0,1.0,2.0,4.0,4.0,4.0,2.0,1.0,2.0,0,0,1,1,1,1,1,1,0,1,1,1
57,2.0,1.0,2.0,2.0,2.0,2.0,2.0,1.0,2.0,2.0,2.0,3.0,2.0,2.0,3.0,3.0,3.0,3.0,3.0,3.0,3.0,2.0,2.0,2.0,0,1,1,1,1,1,1,1,1,0,0,1
58,2.0,2.0,3.0,2.0,2.0,3.0,4.0,3.0,4.0,3.0,3.0,4.0,2.0,2.0,2.0,2.0,1.0,2.0,2.0,1.0,2.0,2.0,2.0,2.0,0,0,1,0,1,1,1,1,1,1,1,1
59,2.0,2.0,3.0,3.0,3.0,3.0,3.0,4.0,4.0,3.0,3.0,3.0,1.0,2.0,2.0,1.0,1.0,2.0,3.0,3.0,3.0,3.0,2.0,3.0,1,0,1,1,1,1,0,1,1,0,1,0
60,3.0,3.0,3.0,3.0,3.0,3.0,3.0,3.0,3.0,4.0,4.0,4.0,2.0,2.0,3.0,3.0,2.0,3.0,3.0,3.0,4.0,2.0,2.0,2.0,1,1,0,0,1,0,0,0,1,1,1,1
61,2.0,2.0,2.0,3.0,3.0,3.0,2.0,2.0,2.0,2.0,2.0,3.0,3.0,3.0,3.0,3.0,4.0,3.0,3.0,3.0,4.0,2.0,1.0,2.0,1,1,1,0,1,0,1,1,1,0,1,1
62,1.0,1.0,2.0,2.0,3.0,3.0,2.0,2.0,3.0,3.0,2.0,3.0,4.0,3.0,4.0,3.0,3.0,3.0,4.0,3.0,4.0,2.0,2.0,3.0,1,1,1,1,0,0,1,1,1,1,0,0
63,3.0,3.0,3.0,3.0,3.0,4.0,3.0,2.0,3.0,3.0,3.0,4.0,3.0,3.0,3.0,3.0,3.0,3.0,3.0,3.0,3.0,3.0,2.0,3.0,0,0,0,0,0,1,0,1,0,0,1,1
64,1.0,1.0,2.0,3.0,2.0,3.0,1.0,2.0,2.0,3.0,3.0,3.0,3.0,2.0,3.0,4.0,4.0,4.0,4.0,4.0,4.0,2.0,2.0,3.0,1,1,1,1,1,1,1,1,1,1,1,0
65,2.0,2.0,3.0,3.0,3.0,3.0,2.0,2.0,3.0,1.0,2.0,2.0,2.0,2.0,2.0,1.0,1.0,1.0,3.0,3.0,3.0,3.0,3.0,3.0,0,0,1,1,1,1,1,1,0,1,1,1
66,2.0,2.0,2.0,3.0,2.0,3.0,3.0,2.0,3.0,3.0,3.0,3.0,4.0,4.0,4.0,3.0,3.0,3.0,3.0,3.0,4.0,3.0,4.0,4.0,1,1,1,0,1,0,0,1,1,0,1,1
67,2.0,2.0,3.0,2.0,2.0,2.0,2.0,2.0,3.0,3.0,2.0,3.0,2.0,2.0,2.0,2.0,2.0,2.0,3.0,3.0,3.0,2.0,1.0,2.0,0,0,1,0,0,0,1,1,0,1,1,1
68,2.0,2.0,2.0,3.0,3.0,3.0,3.0,3.0,3.0,3.0,3.0,3.0,2.0,2.0,2.0,2.0,2.0,2.0,2.0,1.0,2.0,1.0,2.0,2.0,0,0,0,1,1,1,1,1,1,1,1,1
69,3.0,3.0,3.0,3.0,3.0,3.0,3.0,3.0,4.0,4.0,4.0,4.0,3.0,3.0,3.0,2.0,2.0,2.0,2.0,3.0,2.0,2.0,2.0,3.0,0,0,0,1,1,1,1,0,1,1,1,1
70,2.0,3.0,3.0,2.0,2.0,3.0,3.0,3.0,3.0,4.0,3.0,4.0,3.0,3.0,3.0,2.0,2.0,3.0,3.0,3.0,3.0,3.0,3.0,3.0,1,0,0,0,0,0,0,0,0,1,0,1
71,2.0,2.0,3.0,2.0,2.0,2.0,3.0,3.0,3.0,4.0,4.0,4.0,2.0,2.0,2.0,2.0,2.0,2.0,3.0,3.0,3.0,3.0,2.0,3.0,0,0,1,0,0,0,0,0,0,1,1,1
72,2.0,2.0,3.0,3.0,2.0,3.0,4.0,4.0,4.0,3.0,3.0,3.0,3.0,3.0,4.0,3.0,2.0,3.0,4.0,4.0,4.0,3.0,3.0,3.0,1,1,1,0,0,0,0,0,0,0,0,0
73,3.0,3.0,4.0,3.0,3.0,3.0,2.0,3.0,3.0,4.0,4.0,4.0,2.0,2.0,2.0,2.0,2.0,3.0,3.0,3.0,4.0,2.0,2.0,3.0,1,1,1,1,1,0,1,0,1,1,1,1
74,2.0,3.0,3.0,3.0,3.0,3.0,2.0,2.0,2.0,4.0,4.0,4.0,4.0,4.0,4.0,2.0,2.0,3.0,3.0,3.0,4.0,4.0,4.0,4.0,1,1,1,1,1,0,1,1,1,0,0,0
75,2.0,1.0,2.0,3.0,2.0,3.0,2.0,2.0,3.0,3.0,3.0,3.0,2.0,2.0,2.0,2.0,3.0,3.0,4.0,3.0,4.0,1.0,1.0,1.0,0,1,0,1,1,0,1,1,1,1,1,1
76,2.0,2.0,3.0,2.0,2.0,3.0,1.0,0.0,1.0,2.0,2.0,2.0,3.0,3.0,3.0,3.0,3.0,3.0,3.0,4.0,4.0,2.0,2.0,3.0,1,1,0,1,1,0,1,1,1,0,0,1
77,2.0,2.0,2.0,2.0,2.0,2.0,3.0,2.0,3.0,2.0,2.0,3.0,3.0,3.0,3.0,2.0,2.0,3.0,3.0,2.0,3.0,2.0,2.0,2.0,1,1,1,0,0,1,0,0,0,0,0,1
78,3.0,3.0,4.0,3.0,3.0,3.0,3.0,3.0,3.0,3.0,2.0,3.0,3.0,3.0,3.0,2.0,2.0,2.0,3.0,3.0,3.0,2.0,2.0,3.0,0,0,1,1,1,1,0,0,0,1,0,0
79,2.0,2.0,3.0,4.0,4.0,4.0,4.0,4.0,4.0,3.0,3.0,4.0,2.0,2.0,2.0,2.0,1.0,2.0,3.0,3.0,3.0,3.0,4.0,4.0,0,0,1,1,1,1,1,1,1,0,1,0
80,2.0,2.0,2.0,3.0,3.0,3.0,2.0,1.0,2.0,2.0,2.0,3.0,2.0,2.0,2.0,2.0,2.0,2.0,2.0,2.0,3.0,1.0,1.0,1.0,0,0,0,1,1,1,0,1,1,1,1,1
81,2.0,2.0,2.0,2.0,1.0,2.0,2.0,2.0,2.0,3.0,2.0,3.0,3.0,3.0,4.0,1.0,1.0,2.0,2.0,2.0,3.0,3.0,2.0,3.0,1,1,1,1,0,0,0,0,1,0,0,0
82,3.0,3.0,3.0,4.0,4.0,4.0,3.0,3.0,4.0,4.0,4.0,4.0,2.0,2.0,3.0,2.0,2.0,3.0,3.0,4.0,4.0,2.0,2.0,3.0,1,1,0,1,1,1,0,1,0,1,1,1
83,4.0,4.0,4.0,3.0,3.0,3.0,2.0,2.0,2.0,3.0,3.0,3.0,1.0,1.0,2.0,2.0,1.0,2.0,3.0,3.0,3.0,2.0,1.0,2.0,1,1,1,1,1,1,1,1,1,1,1,1
84,2.0,2.0,2.0,2.0,2.0,2.0,3.0,3.0,3.0,3.0,4.0,4.0,4.0,4.0,4.0,3.0,3.0,3.0,4.0,4.0,4.0,4.0,4.0,4.0,1,1,1,1,1,1,1,1,1,1,0,0
85,2.0,2.0,2.0,2.0,2.0,2.0,3.0,2.0,3.0,2.0,2.0,2.0,2.0,2.0,2.0,2.0,2.0,2.0,3.0,3.0,3.0,2.0,2.0,2.0,0,0,0,0,0,0,0,1,0,0,0,0
86,2.0,2.0,2.0,3.0,3.0,3.0,2.0,2.0,3.0,2.0,3.0,2.0,4.0,3.0,4.0,4.0,4.0,4.0,3.0,3.0,4.0,3.0,3.0,3.0,1,1,1,1,1,1,1,1,1,1,0,1
87,2.0,3.0,3.0,3.0,3.0,4.0,3.0,3.0,3.0,3.0,3.0,3.0,3.0,3.0,4.0,3.0,3.0,3.0,2.0,3.0,3.0,3.0,3.0,3.0,1,0,1,0,0,1,1,0,0,0,0,0
88,2.0,2.0,2.0,2.0,2.0,2.0,3.0,2.0,3.0,3.0,3.0,3.0,3.0,3.0,3.0,3.0,2.0,3.0,4.0,4.0,4.0,2.0,2.0,2.0,1,1,1,1,0,1,1,1,1,1,1,1
89,3.0,3.0,3.0,3.0,3.0,3.0,2.0,2.0,3.0,4.0,3.0,4.0,4.0,4.0,4.0,2.0,2.0,2.0,2.0,2.0,2.0,3.0,3.0,3.0,1,1,1,1,1,1,0,0,1,1,0,1
90,2.0,3.0,2.0,2.0,2.0,3.0,3.0,2.0,3.0,3.0,3.0,4.0,2.0,1.0,2.0,3.0,3.0,3.0,3.0,2.0,3.0,2.0,2.0,2.0,0,1,0,1,1,0,0,0,0,1,1,1
91,1.0,1.0,2.0,3.0,3.0,3.0,3.0,3.0,3.0,3.0,3.0,4.0,3.0,3.0,4.0,2.0,2.0,3.0,3.0,3.0,4.0,2.0,2.0,3.0,1,1,1,1,1,0,0,0,1,1,1,1
92,2.0,2.0,3.0,3.0,3.0,3.0,2.0,2.0,2.0,3.0,3.0,3.0,2.0,2.0,2.0,2.0,2.0,2.0,2.0,2.0,3.0,2.0,2.0,2.0,0,0,1,1,1,1,0,0,1,1,1,1
93,2.0,2.0,3.0,3.0,3.0,3.0,3.0,3.0,3.0,2.0,2.0,3.0,4.0,4.0,4.0,3.0,3.0,3.0,4.0,4.0,4.0,3.0,3.0,3.0,1,1,1,0,0,0,1,1,1,1,1,0
94,2.0,2.0,2.0,4.0,3.0,4.0,2.0,2.0,2.0,3.0,3.0,3.0,2.0,2.0,3.0,2.0,1.0,2.0,2.0,2.0,2.0,1.0,1.0,2.0,0,0,1,1,1,1,0,0,0,1,1,1
95,2.0,2.0,2.0,3.0,3.0,3.0,3.0,3.0,3.0,2.0,2.0,3.0,3.0,3.0,3.0,2.0,2.0,3.0,4.0,4.0,4.0,3.0,2.0,3.0,1,1,1,1,1,0,1,1,1,1,0,0
96,2.0,2.0,2.0,3.0,2.0,4.0,2.0,2.0,2.0,2.0,2.0,3.0,1.0,2.0,2.0,2.0,1.0,2.0,3.0,3.0,3.0,3.0,3.0,3.0,1,0,0,1,1,1,1,1,1,1,1,0
97,3.0,3.0,3.0,4.0,3.0,4.0,4.0,4.0,4.0,4.0,4.0,4.0,2.0,2.0,2.0,2.0,2.0,2.0,3.0,3.0,4.0,2.0,2.0,3.0,1,1,1,1,1,1,1,1,0,1,1,1
98,1.0,1.0,2.0,3.0,4.0,4.0,3.0,3.0,4.0,4.0,4.0,4.0,2.0,2.0,2.0,2.0,2.0,3.0,3.0,3.0,3.0,3.0,3.0,3.0,1,1,0,1,1,1,0,0,1,1,1,1
99,2.0,1.0,2.0,1.0,1.0,1.0,2.0,2.0,2.0,3.0,3.0,3.0,2.0,3.0,3.0,2.0,1.0,2.0,2.0,3.0,2.0,2.0,2.0,3.0,0,1,1,1,0,1,0,1,0,1,1,0
100,2.0,1.0,2.0,3.0,3.0,3.0,2.0,2.0,3.0,3.0,3.0,3.0,1.0,1.0,1.0,1.0,1.0,2.0,2.0,2.0,2.0,1.0,1.0,2.0,1,0,1,1,1,1,0,0,1,1,1,1
101,2.0,2.0,2.0,3.0,3.0,3.0,2.0,2.0,2.0,4.0,3.0,4.0,3.0,3.0,3.0,3.0,2.0,3.0,3.0,4.0,3.0,2.0,1.0,2.0,1,1,1,0,1,0,1,1,1,1,1,1
102,3.0,3.0,3.0,3.0,3.0,3.0,3.0,3.0,3.0,3.0,3.0,3.0,3.0,3.0,3.0,3.0,3.0,3.0,3.0,3.0,3.0,3.0,3.0,4.0,0,0,0,0,0,0,0,0,0,0,0,1
103,3.0,3.0,3.0,2.0,2.0,2.0,3.0,3.0,3.0,2.0,2.0,2.0,3.0,2.0,3.0,2.0,2.0,2.0,3.0,3.0,3.0,3.0,2.0,3.0,0,1,0,0,0,0,0,0,0,1,0,1
104,3.0,3.0,3.0,3.0,3.0,3.0,3.0,3.0,4.0,4.0,3.0,4.0,3.0,3.0,3.0,2.0,3.0,3.0,3.0,3.0,3.0,2.0,2.0,2.0,0,0,0,1,0,0,0,0,1,1,1,1
105,3.0,2.0,3.0,2.0,2.0,2.0,3.0,2.0,3.0,2.0,2.0,3.0,3.0,3.0,3.0,3.0,4.0,3.0,3.0,3.0,3.0,2.0,2.0,2.0,0,1,0,1,1,1,0,1,0,0,0,1
106,2.0,1.0,2.0,2.0,2.0,2.0,2.0,2.0,3.0,3.0,2.0,3.0,3.0,4.0,4.0,3.0,2.0,3.0,2.0,2.0,2.0,2.0,2.0,3.0,1,1,1,1,0,1,0,0,1,1,0,0
107,2.0,1.0,2.0,2.0,3.0,3.0,4.0,4.0,4.0,3.0,3.0,3.0,3.0,3.0,4.0,3.0,3.0,3.0,4.0,3.0,4.0,3.0,3.0,3.0,1,1,1,1,0,0,0,1,0,0,0,0
108,3.0,3.0,4.0,3.0,3.0,3.0,2.0,2.0,2.0,3.0,3.0,3.0,3.0,4.0,4.0,2.0,3.0,3.0,3.0,3.0,3.0,3.0,3.0,3.0,0,1,0,1,0,0,1,1,1,0,0,0
109,3.0,3.0,3.0,3.0,3.0,3.0,3.0,2.0,3.0,3.0,4.0,4.0,2.0,2.0,2.0,3.0,2.0,3.0,2.0,1.0,2.0,2.0,2.0,2.0,1,1,1,0,1,0,1,1,1,1,1,1
110,3.0,3.0,3.0,2.0,2.0,2.0,3.0,3.0,3.0,3.0,3.0,3.0,3.0,3.0,3.0,1.0,1.0,1.0,4.0,4.0,4.0,2.0,3.0,2.0,0,0,0,1,1,1,1,1,1,1,0,1
111,1.0,2.0,2.0,2.0,2.0,2.0,1.0,1.0,2.0,2.0,2.0,2.0,2.0,1.0,2.0,2.0,2.0,2.0,3.0,3.0,4.0,1.0,1.0,2.0,1,1,0,0,0,0,1,1,1,1,1,0
112,3.0,3.0,3.0,2.0,2.0,3.0,3.0,3.0,3.0,4.0,4.0,4.0,2.0,2.0,2.0,3.0,2.0,3.0,3.0,3.0,3.0,2.0,2.0,2.0,1,1,1,1,0,0,0,0,0,1,1,1
113,3.0,2.0,3.0,3.0,3.0,4.0,3.0,2.0,3.0,2.0,2.0,2.0,3.0,3.0,3.0,2.0,1.0,2.0,3.0,3.0,3.0,2.0,1.0,2.0,0,1,0,1,1,1,0,1,0,0,1,0
114,2.0,2.0,2.0,3.0,3.0,4.0,3.0,3.0,3.0,3.0,3.0,3.0,3.0,3.0,3.0,2.0,2.0,2.0,3.0,3.0,3.0,3.0,3.0,3.0,1,1,1,1,1,1,0,0,0,0,0,0
115,2.0,1.0,2.0,2.0,2.0,3.0,3.0,3.0,3.0,3.0,3.0,4.0,2.0,2.0,2.0,2.0,3.0,3.0,3.0,3.0,3.0,1.0,2.0,2.0,0,1,0,0,1,0,0,0,0,1,1,1
116,2.0,2.0,2.0,3.0,3.0,4.0,3.0,4.0,4.0,2.0,2.0,2.0,1.0,1.0,1.0,1.0,1.0,2.0,2.0,2.0,2.0,2.0,1.0,2.0,1,1,1,1,1,1,1,1,1,0,1,0
117,2.0,1.0,2.0,3.0,3.0,3.0,3.0,3.0,4.0,3.0,3.0,3.0,3.0,3.0,4.0,2.0,2.0,3.0,3.0,3.0,4.0,4.0,3.0,4.0,1,1,1,1,1,0,0,0,0,1,0,1
118,2.0,2.0,3.0,3.0,3.0,3.0,3.0,3.0,4.0,3.0,3.0,3.0,2.0,2.0,2.0,2.0,2.0,3.0,2.0,3.0,3.0,3.0,2.0,3.0,0,0,1,1,1,0,1,0,1,0,1,0
119,4.0,3.0,4.0,4.0,4.0,4.0,4.0,3.0,4.0,4.0,4.0,4.0,2.0,2.0,2.0,3.0,3.0,4.0,3.0,4.0,4.0,2.0,3.0,2.0,1,1,1,1,1,0,1,1,0,1,1,1
120,3.0,2.0,3.0,3.0,2.0,3.0,3.0,2.0,3.0,3.0,3.0,3.0,3.0,3.0,3.0,3.0,3.0,3.0,3.0,3.0,3.0,3.0,3.0,3.0,0,1,0,0,1,0,0,1,0,0,0,0
121,2.0,2.0,2.0,3.0,3.0,4.0,2.0,2.0,2.0,3.0,3.0,3.0,3.0,2.0,3.0,3.0,2.0,3.0,2.0,3.0,3.0,2.0,3.0,3.0,1,0,1,0,1,1,0,1,1,1,0,0
122,2.0,2.0,3.0,2.0,3.0,3.0,3.0,3.0,4.0,3.0,2.0,3.0,4.0,4.0,4.0,3.0,2.0,3.0,3.0,3.0,3.0,2.0,1.0,2.0,1,1,1,1,1,0,0,0,1,1,1,1
123,2.0,1.0,2.0,4.0,4.0,4.0,2.0,2.0,3.0,4.0,3.0,4.0,2.0,2.0,3.0,3.0,3.0,3.0,3.0,3.0,3.0,2.0,2.0,2.0,0,1,1,1,1,1,1,1,0,1,1,1
124,2.0,2.0,2.0,3.0,2.0,3.0,2.0,2.0,3.0,3.0,4.0,4.0,2.0,1.0,2.0,2.0,2.0,2.0,2.0,2.0,2.0,2.0,3.0,3.0,0,1,0,1,0,1,0,0,1,1,1,1
125,2.0,2.0,3.0,3.0,3.0,3.0,3.0,3.0,3.0,3.0,3.0,3.0,2.0,2.0,2.0,3.0,3.0,3.0,3.0,3.0,4.0,3.0,2.0,3.0,0,0,1,0,0,0,0,0,1,0,1,0
126,3.0,2.0,3.0,3.0,3.0,3.0,3.0,3.0,4.0,3.0,3.0,3.0,2.0,3.0,3.0,3.0,2.0,3.0,3.0,3.0,3.0,2.0,2.0,3.0,1,1,0,0,1,0,0,0,1,1,1,0
127,3.0,2.0,3.0,3.0,2.0,3.0,3.0,3.0,4.0,3.0,3.0,3.0,3.0,3.0,3.0,2.0,2.0,2.0,3.0,3.0,3.0,2.0,2.0,2.0,0,1,0,1,0,1,0,0,1,1,1,1
128,2.0,2.0,3.0,3.0,2.0,3.0,3.0,2.0,3.0,3.0,3.0,3.0,2.0,3.0,2.0,2.0,2.0,3.0,3.0,2.0,3.0,2.0,2.0,2.0,0,1,1,1,0,0,0,0,0,1,1,1
129,3.0,3.0,3.0,3.0,2.0,3.0,3.0,2.0,3.0,3.0,3.0,4.0,3.0,3.0,3.0,3.0,3.0,3.0,3.0,3.0,3.0,3.0,2.0,3.0,0,0,0,0,1,0,0,1,0,0,1,1
130,2.0,2.0,2.0,3.0,3.0,4.0,3.0,3.0,4.0,3.0,3.0,3.0,2.0,2.0,2.0,2.0,3.0,2.0,3.0,3.0,4.0,2.0,3.0,3.0,0,0,0,1,0,1,0,0,0,1,0,0
131,3.0,4.0,4.0,2.0,3.0,3.0,2.0,2.0,2.0,2.0,2.0,3.0,3.0,3.0,3.0,2.0,2.0,2.0,2.0,2.0,2.0,1.0,1.0,2.0,0,1,1,0,1,1,0,0,0,1,1,1
132,2.0,2.0,2.0,3.0,3.0,3.0,2.0,1.0,2.0,4.0,3.0,4.0,3.0,3.0,3.0,3.0,3.0,3.0,3.0,3.0,3.0,2.0,2.0,3.0,1,1,1,0,0,0,1,1,1,1,1,1
133,2.0,2.0,3.0,3.0,2.0,3.0,1.0,2.0,2.0,3.0,3.0,3.0,4.0,4.0,4.0,3.0,3.0,4.0,4.0,4.0,4.0,2.0,2.0,2.0,1,1,1,0,1,1,1,1,1,1,1,1
134,2.0,2.0,2.0,3.0,4.0,3.0,3.0,3.0,3.0,4.0,4.0,4.0,3.0,3.0,4.0,2.0,2.0,3.0,3.0,3.0,3.0,3.0,3.0,3.0,1,1,1,1,1,0,0,0,0,1,1,1
135,1.0,2.0,2.0,3.0,3.0,4.0,3.0,3.0,3.0,2.0,2.0,3.0,2.0,2.0,2.0,3.0,2.0,3.0,2.0,2.0,3.0,3.0,3.0,3.0,1,0,0,0,1,1,1,1,0,1,1,0
136,2.0,2.0,3.0,3.0,3.0,4.0,3.0,3.0,3.0,3.0,3.0,3.0,2.0,2.0,2.0,2.0,2.0,2.0,3.0,3.0,3.0,2.0,3.0,3.0,0,0,1,1,1,1,0,0,0,1,0,0
137,1.0,2.0,2.0,3.0,3.0,3.0,3.0,2.0,3.0,2.0,2.0,2.0,3.0,3.0,3.0,2.0,1.0,2.0,3.0,3.0,3.0,1.0,2.0,1.0,1,1,1,1,1,1,0,1,0,1,0,1
138,1.0,1.0,1.0,2.0,2.0,2.0,3.0,2.0,3.0,2.0,2.0,2.0,3.0,2.0,3.0,3.0,3.0,3.0,3.0,3.0,4.0,2.0,2.0,3.0,1,1,1,1,1,1,0,1,1,0,0,1
139,2.0,2.0,2.0,2.0,2.0,3.0,3.0,2.0,3.0,3.0,3.0,3.0,4.0,4.0,4.0,3.0,3.0,3.0,3.0,3.0,4.0,3.0,3.0,4.0,1,1,1,1,1,0,0,1,1,0,0,1
140,2.0,2.0,2.0,3.0,3.0,4.0,2.0,3.0,3.0,3.0,3.0,3.0,4.0,3.0,4.0,2.0,2.0,3.0,3.0,4.0,3.0,2.0,2.0,3.0,1,1,1,1,1,1,1,1,0,1,1,0
141,3.0,3.0,4.0,3.0,2.0,3.0,4.0,3.0,4.0,4.0,4.0,4.0,2.0,3.0,3.0,1.0,1.0,1.0,3.0,3.0,3.0,2.0,2.0,3.0,1,0,1,1,1,1,1,0,1,1,1,1
142,2.0,2.0,2.0,3.0,3.0,3.0,1.0,1.0,2.0,3.0,3.0,3.0,3.0,3.0,4.0,3.0,2.0,3.0,3.0,3.0,3.0,2.0,2.0,3.0,1,1,1,0,1,0,1,1,1,1,1,0
143,0.0,0.0,1.0,2.0,1.0,2.0,2.0,3.0,3.0,3.0,2.0,3.0,3.0,3.0,3.0,2.0,3.0,2.0,3.0,3.0,3.0,2.0,2.0,3.0,1,1,1,0,1,0,1,0,0,1,0,0
144,2.0,2.0,2.0,3.0,3.0,4.0,4.0,4.0,4.0,3.0,3.0,3.0,2.0,2.0,2.0,2.0,2.0,3.0,4.0,4.0,4.0,3.0,3.0,4.0,0,0,0,1,1,1,0,0,0,0,0,1
145,2.0,1.0,2.0,2.0,2.0,2.0,2.0,2.0,3.0,2.0,3.0,2.0,3.0,3.0,4.0,2.0,2.0,2.0,3.0,3.0,3.0,2.0,2.0,3.0,1,1,1,0,0,0,1,1,0,0,1,1
146,3.0,2.0,3.0,2.0,2.0,2.0,3.0,2.0,3.0,2.0,2.0,3.0,2.0,2.0,2.0,2.0,2.0,3.0,3.0,3.0,3.0,2.0,2.0,2.0,1,0,1,0,0,1,0,1,0,0,0,1
147,2.0,2.0,2.0,3.0,3.0,3.0,3.0,3.0,3.0,3.0,3.0,4.0,3.0,2.0,3.0,3.0,3.0,3.0,3.0,4.0,3.0,3.0,2.0,3.0,1,0,1,0,0,0,0,1,0,0,1,1
148,1.0,1.0,2.0,2.0,2.0,2.0,3.0,3.0,3.0,2.0,1.0,2.0,2.0,1.0,2.0,1.0,1.0,1.0,2.0,2.0,2.0,3.0,3.0,3.0,1,0,0,1,1,1,1,1,1,1,1,1
149,3.0,3.0,3.0,2.0,2.0,3.0,3.0,3.0,3.0,4.0,4.0,4.0,2.0,2.0,2.0,2.0,2.0,3.0,3.0,3.0,4.0,3.0,2.0,3.0,1,1,1,0,0,0,0,0,1,1,1,1
150,3.0,3.0,3.0,3.0,3.0,3.0,4.0,3.0,4.0,4.0,4.0,4.0,3.0,4.0,3.0,2.0,1.0,2.0,4.0,4.0,4.0,3.0,3.0,3.0,0,1,0,1,1,1,0,1,0,1,1,1
151,3.0,2.0,3.0,3.0,3.0,4.0,4.0,3.0,4.0,4.0,3.0,4.0,4.0,4.0,4.0,4.0,4.0,4.0,3.0,3.0,3.0,3.0,3.0,3.0,1,1,1,1,1,0,1,0,1,1,0,1
152,3.0,2.0,3.0,3.0,3.0,3.0,3.0,3.0,3.0,3.0,3.0,4.0,2.0,2.0,3.0,3.0,3.0,3.0,3.0,2.0,3.0,3.0,3.0,3.0,1,0,0,0,0,0,0,1,0,0,0,1
153,2.0,2.0,2.0,4.0,4.0,4.0,4.0,4.0,4.0,4.0,3.0,4.0,3.0,3.0,3.0,3.0,2.0,3.0,3.0,3.0,3.0,2.0,2.0,2.0,1,1,1,1,1,1,1,1,1,1,1,1
154,3.0,3.0,4.0,3.0,3.0,3.0,4.0,3.0,4.0,4.0,4.0,4.0,2.0,2.0,3.0,2.0,1.0,2.0,3.0,3.0,3.0,1.0,1.0,2.0,1,1,1,1,1,1,1,0,1,1,1,1
155,2.0,2.0,2.0,3.0,3.0,3.0,3.0,4.0,4.0,3.0,3.0,4.0,3.0,3.0,3.0,4.0,3.0,4.0,3.0,3.0,3.0,2.0,3.0,3.0,1,1,1,1,0,1,0,1,1,1,0,1
156,1.0,1.0,1.0,3.0,3.0,3.0,3.0,3.0,4.0,4.0,3.0,4.0,3.0,3.0,3.0,3.0,3.0,3.0,3.0,4.0,4.0,3.0,2.0,3.0,1,1,1,0,0,0,0,1,0,1,1,1
157,2.0,2.0,2.0,3.0,3.0,3.0,3.0,3.0,3.0,2.0,2.0,3.0,4.0,4.0,4.0,3.0,3.0,3.0,4.0,4.0,4.0,3.0,2.0,3.0,1,1,1,0,0,0,1,1,1,1,0,0
158,2.0,3.0,2.0,3.0,2.0,3.0,3.0,2.0,3.0,3.0,2.0,3.0,2.0,2.0,3.0,2.0,2.0,2.0,3.0,2.0,3.0,2.0,2.0,2.0,0,1,1,1,0,1,0,0,0,1,0,1
159,1.0,1.0,2.0,3.0,3.0,3.0,3.0,2.0,3.0,2.0,2.0,3.0,2.0,2.0,3.0,3.0,3.0,3.0,3.0,3.0,3.0,3.0,3.0,3.0,1,1,1,0,0,0,0,1,0,1,1,0
160,3.0,3.0,3.0,2.0,3.0,3.0,3.0,2.0,3.0,3.0,3.0,3.0,3.0,3.0,3.0,2.0,2.0,2.0,4.0,4.0,4.0,3.0,3.0,3.0,0,0,0,0,1,1,1,1,1,0,0,0
161,2.0,2.0,2.0,2.0,2.0,2.0,3.0,3.0,3.0,3.0,3.0,3.0,2.0,2.0,3.0,1.0,0.0,1.0,3.0,3.0,3.0,1.0,1.0,1.0,0,0,1,1,1,1,0,0,0,1,1,1
162,3.0,3.0,4.0,4.0,4.0,4.0,4.0,4.0,4.0,4.0,4.0,4.0,2.0,3.0,3.0,2.0,2.0,3.0,3.0,3.0,3.0,3.0,3.0,3.0,1,0,1,1,1,1,1,1,1,1,1,1
163,2.0,3.0,3.0,4.0,4.0,4.0,3.0,3.0,4.0,3.0,3.0,4.0,3.0,3.0,3.0,2.0,2.0,2.0,3.0,3.0,4.0,1.0,2.0,2.0,1,0,0,1,1,1,0,0,0,1,1,1
164,1.0,2.0,2.0,2.0,2.0,2.0,2.0,2.0,3.0,4.0,4.0,4.0,3.0,3.0,3.0,3.0,2.0,3.0,3.0,2.0,3.0,3.0,2.0,3.0,1,1,1,1,0,1,1,0,0,1,1,1
165,2.0,2.0,3.0,2.0,3.0,3.0,2.0,2.0,3.0,2.0,3.0,2.0,3.0,3.0,3.0,2.0,2.0,3.0,2.0,2.0,3.0,2.0,2.0,3.0,1,1,0,0,1,0,0,0,0,0,1,1
166,1.0,2.0,2.0,3.0,2.0,3.0,2.0,2.0,2.0,4.0,3.0,4.0,3.0,3.0,3.0,2.0,2.0,3.0,3.0,3.0,4.0,2.0,3.0,3.0,1,1,1,1,0,0,1,1,1,1,0,1
167,2.0,2.0,3.0,3.0,3.0,3.0,2.0,2.0,2.0,3.0,3.0,3.0,2.0,3.0,3.0,3.0,3.0,3.0,3.0,3.0,3.0,2.0,2.0,2.0,0,1,0,0,0,0,1,1,1,1,1,1
168,3.0,3.0,3.0,2.0,2.0,2.0,3.0,3.0,3.0,3.0,3.0,3.0,3.0,3.0,3.0,3.0,3.0,3.0,3.0,3.0,3.0,2.0,1.0,2.0,0,0,0,1,1,1,0,0,0,1,1,1
169,2.0,2.0,3.0,2.0,2.0,2.0,3.0,2.0,3.0,3.0,3.0,4.0,3.0,3.0,3.0,3.0,3.0,3.0,4.0,4.0,4.0,3.0,3.0,3.0,1,1,0,1,1,1,1,1,1,0,0,1
170,3.0,3.0,4.0,4.0,4.0,4.0,3.0,3.0,3.0,3.0,4.0,4.0,2.0,2.0,2.0,2.0,2.0,2.0,3.0,3.0,3.0,2.0,2.0,2.0,1,1,1,1,1,1,0,0,0,1,1,1
171,2.0,2.0,2.0,2.0,2.0,2.0,3.0,2.0,3.0,2.0,2.0,2.0,3.0,3.0,4.0,3.0,3.0,4.0,3.0,3.0,3.0,3.0,2.0,3.0,1,1,1,1,1,1,0,1,0,1,0,1
172,3.0,3.0,3.0,3.0,3.0,3.0,4.0,4.0,4.0,4.0,4.0,4.0,2.0,2.0,3.0,2.0,1.0,2.0,3.0,3.0,3.0,2.0,2.0,2.0,1,1,0,1,1,1,1,1,1,1,1,1
173,2.0,2.0,2.0,2.0,2.0,3.0,2.0,2.0,3.0,3.0,3.0,3.0,3.0,3.0,3.0,3.0,3.0,3.0,3.0,3.0,4.0,3.0,3.0,3.0,1,1,1,1,1,0,1,1,1,0,0,0
174,2.0,3.0,3.0,3.0,3.0,3.0,4.0,3.0,4.0,2.0,2.0,3.0,3.0,3.0,4.0,2.0,2.0,2.0,2.0,2.0,3.0,3.0,3.0,3.0,1,0,1,1,1,1,1,1,1,1,1,0
175,2.0,2.0,2.0,3.0,3.0,3.0,3.0,3.0,3.0,3.0,3.0,4.0,2.0,2.0,3.0,1.0,1.0,2.0,2.0,2.0,2.0,2.0,1.0,2.0,0,0,1,1,1,1,1,1,1,1,1,1
176,2.0,2.0,2.0,3.0,4.0,3.0,3.0,3.0,3.0,2.0,1.0,2.0,3.0,3.0,3.0,4.0,4.0,4.0,3.0,3.0,3.0,2.0,2.0,3.0,1,1,1,1,0,1,0,0,0,0,1,1
177,3.0,3.0,3.0,2.0,2.0,3.0,1.0,1.0,1.0,3.0,3.0,3.0,2.0,2.0,2.0,3.0,3.0,3.0,3.0,2.0,3.0,2.0,2.0,2.0,1,1,1,1,1,0,1,1,1,1,1,1
178,3.0,2.0,3.0,3.0,3.0,3.0,4.0,4.0,4.0,3.0,3.0,4.0,3.0,3.0,3.0,2.0,2.0,3.0,3.0,4.0,4.0,3.0,2.0,3.0,0,1,0,1,1,0,1,0,0,0,1,1
179,3.0,2.0,3.0,2.0,2.0,3.0,3.0,3.0,3.0,2.0,2.0,2.0,3.0,3.0,3.0,1.0,2.0,2.0,4.0,3.0,4.0,2.0,2.0,2.0,0,1,0,1,0,1,1,0,1,0,0,0
180,1.0,1.0,1.0,1.0,1.0,2.0,2.0,2.0,3.0,1.0,1.0,2.0,2.0,2.0,2.0,2.0,2.0,3.0,3.0,3.0,3.0,3.0,3.0,3.0,1,1,1,1,1,1,1,1,0,1,1,1
181,3.0,3.0,3.0,2.0,2.0,2.0,3.0,3.0,3.0,4.0,4.0,4.0,3.0,3.0,3.0,2.0,3.0,3.0,3.0,2.0,3.0,3.0,3.0,3.0,0,0,0,0,1,1,0,1,0,1,1,1
182,3.0,2.0,3.0,2.0,2.0,2.0,2.0,1.0,2.0,3.0,3.0,3.0,3.0,3.0,3.0,3.0,3.0,3.0,3.0,3.0,3.0,2.0,2.0,3.0,0,1,0,1,1,1,1,1,1,1,1,0
183,2.0,2.0,3.0,3.0,3.0,3.0,2.0,2.0,2.0,2.0,2.0,2.0,3.0,3.0,3.0,2.0,3.0,3.0,2.0,3.0,3.0,3.0,3.0,3.0,1,1,0,1,0,0,0,1,1,1,1,1
184,2.0,2.0,2.0,2.0,2.0,3.0,4.0,3.0,4.0,3.0,3.0,3.0,4.0,4.0,4.0,3.0,3.0,3.0,4.0,4.0,4.0,3.0,3.0,3.0,1,1,1,1,1,0,0,1,0,0,0,0
185,1.0,1.0,2.0,2.0,2.0,3.0,4.0,4.0,4.0,3.0,3.0,3.0,4.0,4.0,4.0,4.0,4.0,4.0,4.0,4.0,4.0,4.0,4.0,4.0,1,1,1,1,1,1,0,0,0,1,1,1
186,3.0,2.0,3.0,3.0,3.0,3.0,3.0,3.0,3.0,3.0,3.0,4.0,3.0,2.0,3.0,3.0,3.0,3.0,2.0,2.0,3.0,1.0,1.0,1.0,0,0,0,0,0,0,1,1,0,1,1,1
187,3.0,3.0,3.0,3.0,3.0,4.0,4.0,4.0,4.0,3.0,3.0,3.0,2.0,2.0,3.0,3.0,3.0,3.0,3.0,3.0,4.0,2.0,1.0,2.0,1,1,0,0,0,1,1,1,0,1,1,1
188,3.0,3.0,3.0,1.0,1.0,2.0,3.0,3.0,4.0,3.0,3.0,3.0,2.0,2.0,3.0,2.0,2.0,2.0,3.0,3.0,3.0,2.0,2.0,2.0,1,1,0,1,1,0,0,0,1,1,1,1
189,4.0,4.0,4.0,3.0,3.0,3.0,4.0,4.0,4.0,4.0,4.0,4.0,2.0,1.0,2.0,2.0,2.0,3.0,2.0,2.0,3.0,2.0,2.0,2.0,1,1,1,1,1,0,1,1,1,1,1,1
190,2.0,2.0,3.0,2.0,2.0,3.0,3.0,3.0,3.0,3.0,3.0,3.0,2.0,2.0,3.0,3.0,2.0,3.0,3.0,3.0,3.0,3.0,3.0,3.0,0,0,0,1,0,0,0,0,0,0,0,0
191,2.0,1.0,2.0,3.0,3.0,3.0,2.0,3.0,3.0,2.0,2.0,2.0,4.0,4.0,4.0,3.0,3.0,3.0,3.0,3.0,3.0,3.0,2.0,3.0,1,1,1,0,0,0,1,0,0,1,0,1
192,3.0,3.0,3.0,3.0,3.0,4.0,4.0,4.0,4.0,4.0,3.0,4.0,2.0,2.0,2.0,2.0,2.0,2.0,3.0,3.0,4.0,2.0,2.0,3.0,1,1,1,1,1,1,1,1,0,1,1,1
193,2.0,2.0,3.0,3.0,3.0,3.0,3.0,3.0,3.0,4.0,3.0,4.0,2.0,2.0,2.0,3.0,3.0,3.0,3.0,3.0,3.0,3.0,3.0,3.0,0,0,1,0,0,0,0,0,0,1,0,1
194,2.0,2.0,2.0,3.0,3.0,3.0,3.0,3.0,4.0,4.0,4.0,4.0,3.0,3.0,3.0,2.0,2.0,3.0,3.0,3.0,3.0,3.0,3.0,3.0,1,1,1,1,1,0,0,0,1,1,1,1
195,2.0,3.0,3.0,3.0,3.0,3.0,3.0,2.0,3.0,3.0,4.0,4.0,2.0,2.0,2.0,3.0,3.0,3.0,4.0,4.0,4.0,2.0,2.0,2.0,0,1,1,0,0,0,1,1,1,1,1,1
196,2.0,2.0,3.0,3.0,3.0,3.0,2.0,2.0,3.0,4.0,4.0,4.0,2.0,2.0,2.0,3.0,3.0,3.0,4.0,4.0,4.0,3.0,2.0,3.0,0,0,1,0,0,0,1,1,1,1,1,1
197,2.0,2.0,3.0,3.0,3.0,3.0,3.0,3.0,3.0,2.0,3.0,2.0,3.0,3.0,3.0,2.0,2.0,2.0,3.0,2.0,3.0,2.0,2.0,2.0,1,1,0,1,1,1,0,1,0,0,1,0
198,2.0,2.0,2.0,2.0,2.0,3.0,3.0,2.0,3.0,4.0,3.0,4.0,2.0,2.0,2.0,3.0,3.0,3.0,3.0,2.0,3.0,2.0,2.0,3.0,0,0,0,1,1,0,0,0,0,1,1,1
199,3.0,2.0,3.0,3.0,3.0,3.0,3.0,3.0,3.0,3.0,3.0,4.0,2.0,2.0,3.0,3.0,2.0,3.0,2.0,2.0,3.0,2.0,2.0,3.0,1,0,0,0,1,0,1,1,0,1,1,1
200,2.0,1.0,2.0,3.0,3.0,3.0,3.0,3.0,3.0,3.0,3.0,4.0,3.0,3.0,3.0,3.0,3.0,3.0,4.0,4.0,4.0,3.0,3.0,3.0,1,1,1,0,0,0,1,1,1,0,0,1
